Date,Demand,DayOfWeek,DayOfMonth,Month,Quarter,WeekOfYear,IsWeekend,Lag_1,Lag_7,Lag_14,Lag_28,Rolling_Mean_7,Rolling_Mean_14,Rolling_Mean_28
2009-12-29,0,1,29,12,4,53,0,0.0,5.0,746.0,164.0,3.5714285714285716,84.35714285714286,134.67857142857142
2009-12-30,0,2,30,12,4,53,0,0.0,20.0,204.0,246.0,2.857142857142857,31.071428571428573,128.82142857142858
2009-12-31,0,3,31,12,4,53,0,0.0,0.0,120.0,143.0,0.0,16.5,120.03571428571429
2010-01-01,0,4,1,1,1,53,0,0.0,0.0,45.0,587.0,0.0,7.928571428571429,114.92857142857143
2010-01-02,0,5,2,1,1,53,1,0.0,0.0,0.0,40.0,0.0,4.714285714285714,93.96428571428571
2010-01-03,0,6,3,1,1,53,1,0.0,0.0,30.0,18.0,0.0,4.714285714285714,92.53571428571429
2010-01-04,432,0,4,1,1,1,0,0.0,0.0,11.0,24.0,0.0,2.5714285714285716,91.89285714285714
2010-01-05,4,1,5,1,1,1,0,432.0,0.0,5.0,282.0,61.714285714285715,32.642857142857146,106.46428571428571
2010-01-06,110,2,6,1,1,1,0,4.0,0.0,20.0,102.0,62.285714285714285,32.57142857142857,96.53571428571429
2010-01-07,447,3,7,1,1,1,0,110.0,0.0,0.0,376.0,78.0,39.0,96.82142857142857
2010-01-08,35,4,8,1,1,1,0,447.0,0.0,0.0,435.0,141.85714285714286,70.92857142857143,99.35714285714286
2010-01-09,0,5,9,1,1,1,1,35.0,0.0,0.0,0.0,146.85714285714286,73.42857142857143,85.07142857142857
2010-01-10,124,6,10,1,1,1,1,0.0,0.0,0.0,14.0,146.85714285714286,73.42857142857143,85.07142857142857
2010-01-11,219,0,11,1,1,2,0,124.0,432.0,0.0,159.0,164.57142857142858,82.28571428571429,89.0
2010-01-12,275,1,12,1,1,2,0,219.0,4.0,0.0,746.0,134.14285714285714,97.92857142857143,91.14285714285714
2010-01-13,130,2,13,1,1,2,0,275.0,110.0,0.0,204.0,172.85714285714286,117.57142857142857,74.32142857142857
2010-01-14,171,3,14,1,1,2,0,130.0,447.0,0.0,120.0,175.71428571428572,126.85714285714286,71.67857142857143
2010-01-15,10,4,15,1,1,2,0,171.0,35.0,0.0,45.0,136.28571428571428,139.07142857142858,73.5
2010-01-16,0,5,16,1,1,2,1,10.0,0.0,0.0,0.0,132.71428571428572,139.78571428571428,72.25
2010-01-17,124,6,17,1,1,2,1,0.0,124.0,0.0,30.0,132.71428571428572,139.78571428571428,72.25
2010-01-18,23,0,18,1,1,3,0,124.0,219.0,432.0,11.0,132.71428571428572,148.64285714285714,75.60714285714286
2010-01-19,264,1,19,1,1,3,0,23.0,275.0,4.0,5.0,104.71428571428571,119.42857142857143,76.03571428571429
2010-01-20,43,2,20,1,1,3,0,264.0,130.0,110.0,20.0,103.14285714285714,138.0,85.28571428571429
2010-01-21,123,3,21,1,1,3,0,43.0,171.0,447.0,0.0,90.71428571428571,133.21428571428572,86.10714285714286
2010-01-22,164,4,22,1,1,3,0,123.0,10.0,35.0,0.0,83.85714285714286,110.07142857142857,90.5
2010-01-23,0,5,23,1,1,3,1,164.0,0.0,0.0,0.0,105.85714285714286,119.28571428571429,96.35714285714286
2010-01-24,10,6,24,1,1,3,1,0.0,124.0,124.0,0.0,105.85714285714286,119.28571428571429,96.35714285714286
2010-01-25,32,0,25,1,1,4,0,10.0,23.0,219.0,0.0,89.57142857142857,111.14285714285714,96.71428571428571
2010-01-26,522,1,26,1,1,4,0,32.0,264.0,275.0,0.0,90.85714285714286,97.78571428571429,97.85714285714286
2010-01-27,187,2,27,1,1,4,0,522.0,43.0,130.0,0.0,127.71428571428571,115.42857142857143,116.5
2010-01-28,51,3,28,1,1,4,0,187.0,123.0,171.0,0.0,148.28571428571428,119.5,123.17857142857143
2010-01-29,62,4,29,1,1,4,0,51.0,164.0,10.0,0.0,138.0,110.92857142857143,125.0
2010-01-30,0,5,30,1,1,4,1,62.0,0.0,0.0,0.0,123.42857142857143,114.64285714285714,127.21428571428571
2010-01-31,10,6,31,1,1,4,1,0.0,10.0,124.0,0.0,123.42857142857143,114.64285714285714,127.21428571428571
2010-02-01,113,0,1,2,1,5,0,10.0,32.0,23.0,432.0,123.42857142857143,106.5,127.57142857142857
2010-02-02,3,1,2,2,1,5,0,113.0,522.0,264.0,4.0,135.0,112.92857142857143,116.17857142857143
2010-02-03,50,2,3,2,1,5,0,3.0,187.0,43.0,110.0,60.857142857142854,94.28571428571429,116.14285714285714
2010-02-04,116,3,4,2,1,5,0,50.0,51.0,123.0,447.0,41.285714285714285,94.78571428571429,114.0
2010-02-05,164,4,5,2,1,5,0,116.0,62.0,164.0,35.0,50.57142857142857,94.28571428571429,102.17857142857143
2010-02-06,0,5,6,2,1,5,1,164.0,0.0,0.0,0.0,65.14285714285714,94.28571428571429,106.78571428571429
2010-02-07,32,6,7,2,1,5,1,0.0,10.0,10.0,124.0,65.14285714285714,94.28571428571429,106.78571428571429
2010-02-08,42,0,8,2,1,6,0,32.0,113.0,32.0,219.0,68.28571428571429,95.85714285714286,103.5
2010-02-09,126,1,9,2,1,6,0,42.0,3.0,522.0,275.0,58.142857142857146,96.57142857142857,97.17857142857143
2010-02-10,0,2,10,2,1,6,0,126.0,50.0,187.0,130.0,75.71428571428571,68.28571428571429,91.85714285714286
2010-02-11,119,3,11,2,1,6,0,0.0,116.0,51.0,171.0,68.57142857142857,54.92857142857143,87.21428571428571
2010-02-12,14,4,12,2,1,6,0,119.0,164.0,62.0,10.0,69.0,59.785714285714285,85.35714285714286
2010-02-13,0,5,13,2,1,6,1,14.0,0.0,0.0,0.0,47.57142857142857,56.357142857142854,85.5
2010-02-14,246,6,14,2,1,6,1,0.0,32.0,10.0,124.0,47.57142857142857,56.357142857142854,85.5
2010-02-15,554,0,15,2,1,7,0,246.0,42.0,113.0,23.0,78.14285714285714,73.21428571428571,89.85714285714286
2010-02-16,41,1,16,2,1,7,0,554.0,126.0,3.0,264.0,151.28571428571428,104.71428571428571,108.82142857142857
2010-02-17,122,2,17,2,1,7,0,41.0,0.0,50.0,43.0,139.14285714285714,107.42857142857143,100.85714285714286
2010-02-18,82,3,18,2,1,7,0,122.0,119.0,116.0,123.0,156.57142857142858,112.57142857142857,103.67857142857143
2010-02-19,183,4,19,2,1,7,0,82.0,14.0,164.0,164.0,151.28571428571428,110.14285714285714,102.21428571428571
2010-02-20,0,5,20,2,1,7,1,183.0,0.0,0.0,0.0,175.42857142857142,111.5,102.89285714285714
2010-02-21,32,6,21,2,1,7,1,0.0,246.0,32.0,10.0,175.42857142857142,111.5,102.89285714285714
2010-02-22,85,0,22,2,1,8,0,32.0,554.0,42.0,32.0,144.85714285714286,111.5,103.67857142857143
2010-02-23,153,1,23,2,1,8,0,85.0,41.0,126.0,522.0,77.85714285714286,114.57142857142857,105.57142857142857
2010-02-24,19,2,24,2,1,8,0,153.0,122.0,0.0,187.0,93.85714285714286,116.5,92.39285714285714
2010-02-25,262,3,25,2,1,8,0,19.0,82.0,119.0,51.0,79.14285714285714,117.85714285714286,86.39285714285714
2010-02-26,52,4,26,2,1,8,0,262.0,183.0,14.0,62.0,104.85714285714286,128.07142857142858,93.92857142857143
2010-02-27,0,5,27,2,1,8,1,52.0,0.0,0.0,0.0,86.14285714285714,130.78571428571428,93.57142857142857
2010-02-28,42,6,28,2,1,8,1,0.0,32.0,246.0,10.0,86.14285714285714,130.78571428571428,93.57142857142857
2010-03-01,50,0,1,3,1,9,0,42.0,85.0,554.0,113.0,87.57142857142857,116.21428571428571,94.71428571428571
2010-03-02,4,1,2,3,1,9,0,50.0,153.0,41.0,3.0,82.57142857142857,80.21428571428571,92.46428571428571
2010-03-03,61,2,3,3,1,9,0,4.0,19.0,122.0,50.0,61.285714285714285,77.57142857142857,92.5
2010-03-04,164,3,4,3,1,9,0,61.0,262.0,82.0,116.0,67.28571428571429,73.21428571428571,92.89285714285714
2010-03-05,434,4,5,3,1,9,0,164.0,52.0,183.0,164.0,53.285714285714285,79.07142857142857,94.60714285714286
2010-03-06,0,5,6,3,1,9,1,434.0,0.0,0.0,0.0,107.85714285714286,97.0,104.25
2010-03-07,42,6,7,3,1,9,1,0.0,42.0,32.0,32.0,107.85714285714286,97.0,104.25
2010-03-08,222,0,8,3,1,10,0,42.0,50.0,85.0,42.0,107.85714285714286,97.71428571428571,104.60714285714286
2010-03-09,272,1,9,3,1,10,0,222.0,4.0,153.0,126.0,132.42857142857142,107.5,111.03571428571429
2010-03-10,256,2,10,3,1,10,0,272.0,61.0,19.0,0.0,170.71428571428572,116.0,116.25
2010-03-11,5,3,11,3,1,10,0,256.0,164.0,262.0,119.0,198.57142857142858,132.92857142857142,125.39285714285714
2010-03-12,32,4,12,3,1,10,0,5.0,434.0,52.0,14.0,175.85714285714286,114.57142857142857,121.32142857142857
2010-03-13,0,5,13,3,1,10,1,32.0,0.0,0.0,0.0,118.42857142857143,113.14285714285714,121.96428571428571
2010-03-14,13,6,14,3,1,10,1,0.0,42.0,42.0,246.0,118.42857142857143,113.14285714285714,121.96428571428571
2010-03-15,30,0,15,3,1,11,0,13.0,222.0,50.0,554.0,114.28571428571429,111.07142857142857,113.64285714285714
2010-03-16,124,1,16,3,1,11,0,30.0,272.0,4.0,41.0,86.85714285714286,109.64285714285714,94.92857142857143
2010-03-17,78,2,17,3,1,11,0,124.0,256.0,61.0,122.0,65.71428571428571,118.21428571428571,97.89285714285714
2010-03-18,183,3,18,3,1,11,0,78.0,5.0,164.0,82.0,40.285714285714285,119.42857142857143,96.32142857142857
2010-03-19,97,4,19,3,1,11,0,183.0,32.0,434.0,183.0,65.71428571428571,120.78571428571429,99.92857142857143
2010-03-20,0,5,20,3,1,11,1,97.0,0.0,0.0,0.0,75.0,96.71428571428571,96.85714285714286
2010-03-21,43,6,21,3,1,11,1,0.0,13.0,42.0,32.0,75.0,96.71428571428571,96.85714285714286
2010-03-22,56,0,22,3,1,12,0,43.0,30.0,222.0,85.0,79.28571428571429,96.78571428571429,97.25
2010-03-23,38,1,23,3,1,12,0,56.0,124.0,272.0,153.0,83.0,84.92857142857143,96.21428571428571
2010-03-24,175,2,24,3,1,12,0,38.0,78.0,256.0,19.0,70.71428571428571,68.21428571428571,92.10714285714286
2010-03-25,274,3,25,3,1,12,0,175.0,183.0,5.0,262.0,84.57142857142857,62.42857142857143,97.67857142857143
2010-03-26,269,4,26,3,1,12,0,274.0,97.0,32.0,52.0,97.57142857142857,81.64285714285714,98.10714285714286
2010-03-27,0,5,27,3,1,12,1,269.0,0.0,0.0,0.0,122.14285714285714,98.57142857142857,105.85714285714286
2010-03-28,117,6,28,3,1,12,1,0.0,43.0,13.0,42.0,122.14285714285714,98.57142857142857,105.85714285714286
2010-03-29,53,0,29,3,1,13,0,117.0,56.0,30.0,50.0,132.71428571428572,106.0,108.53571428571429
2010-03-30,119,1,30,3,1,13,0,53.0,38.0,124.0,4.0,132.28571428571428,107.64285714285714,108.64285714285714
2010-03-31,48,2,31,3,1,13,0,119.0,175.0,78.0,61.0,143.85714285714286,107.28571428571429,112.75
2010-04-01,368,3,1,4,2,13,0,48.0,274.0,183.0,164.0,125.71428571428571,105.14285714285714,112.28571428571429
2010-04-02,0,4,2,4,2,13,0,368.0,269.0,97.0,434.0,139.14285714285714,118.35714285714286,119.57142857142857
2010-04-03,0,5,3,4,2,13,1,0.0,0.0,0.0,0.0,100.71428571428571,111.42857142857143,104.07142857142857
2010-04-04,0,6,4,4,2,13,1,0.0,117.0,43.0,42.0,100.71428571428571,111.42857142857143,104.07142857142857
2010-04-05,0,0,5,4,2,14,0,0.0,53.0,56.0,222.0,84.0,108.35714285714286,102.57142857142857
2010-04-06,122,1,6,4,2,14,0,0.0,119.0,38.0,272.0,76.42857142857143,104.35714285714286,94.64285714285714
2010-04-07,71,2,7,4,2,14,0,122.0,48.0,175.0,256.0,76.85714285714286,110.35714285714286,89.28571428571429
2010-04-08,55,3,8,4,2,14,0,71.0,368.0,274.0,5.0,80.14285714285714,102.92857142857143,82.67857142857143
2010-04-09,46,4,9,4,2,14,0,55.0,0.0,269.0,32.0,35.42857142857143,87.28571428571429,84.46428571428571
2010-04-10,0,5,10,4,2,14,1,46.0,0.0,0.0,0.0,42.0,71.35714285714286,84.96428571428571
2010-04-11,122,6,11,4,2,14,1,0.0,0.0,117.0,13.0,42.0,71.35714285714286,84.96428571428571
2010-04-12,530,0,12,4,2,15,0,122.0,0.0,53.0,30.0,59.42857142857143,71.71428571428571,88.85714285714286
2010-04-13,37,1,13,4,2,15,0,530.0,122.0,119.0,124.0,135.14285714285714,105.78571428571429,106.71428571428571
2010-04-14,209,2,14,4,2,15,0,37.0,71.0,48.0,78.0,123.0,99.92857142857143,103.60714285714286
2010-04-15,54,3,15,4,2,15,0,209.0,55.0,368.0,183.0,142.71428571428572,111.42857142857143,108.28571428571429
2010-04-16,146,4,16,4,2,15,0,54.0,46.0,0.0,97.0,142.57142857142858,89.0,103.67857142857143
2010-04-17,0,5,17,4,2,15,1,146.0,0.0,0.0,0.0,156.85714285714286,99.42857142857143,105.42857142857143
2010-04-18,30,6,18,4,2,15,1,0.0,122.0,0.0,43.0,156.85714285714286,99.42857142857143,105.42857142857143
2010-04-19,60,0,19,4,2,16,0,30.0,530.0,0.0,56.0,143.71428571428572,101.57142857142857,104.96428571428571
2010-04-20,25,1,20,4,2,16,0,60.0,37.0,122.0,38.0,76.57142857142857,105.85714285714286,105.10714285714286
2010-04-21,210,2,21,4,2,16,0,25.0,209.0,71.0,175.0,74.85714285714286,98.92857142857143,104.64285714285714
2010-04-22,242,3,22,4,2,16,0,210.0,54.0,55.0,274.0,75.0,108.85714285714286,105.89285714285714
2010-04-23,72,4,23,4,2,16,0,242.0,146.0,46.0,269.0,101.85714285714286,122.21428571428571,104.75
2010-04-24,0,5,24,4,2,16,1,72.0,0.0,0.0,0.0,91.28571428571429,124.07142857142857,97.71428571428571
2010-04-25,36,6,25,4,2,16,1,0.0,30.0,122.0,117.0,91.28571428571429,124.07142857142857,97.71428571428571
2010-04-26,383,0,26,4,2,17,0,36.0,60.0,530.0,53.0,92.14285714285714,117.92857142857143,94.82142857142857
2010-04-27,113,1,27,4,2,17,0,383.0,25.0,37.0,119.0,138.28571428571428,107.42857142857143,106.60714285714286
2010-04-28,532,2,28,4,2,17,0,113.0,210.0,209.0,48.0,150.85714285714286,112.85714285714286,106.39285714285714
2010-04-29,298,3,29,4,2,17,0,532.0,242.0,54.0,368.0,196.85714285714286,135.92857142857142,123.67857142857143
2010-04-30,185,4,30,4,2,17,0,298.0,72.0,146.0,0.0,204.85714285714286,153.35714285714286,121.17857142857143
2010-05-01,0,5,1,5,2,17,1,185.0,0.0,0.0,0.0,221.0,156.14285714285714,127.78571428571429
2010-05-02,28,6,2,5,2,17,1,0.0,36.0,30.0,0.0,221.0,156.14285714285714,127.78571428571429
2010-05-03,0,0,3,5,2,18,0,28.0,383.0,60.0,0.0,219.85714285714286,156.0,128.78571428571428
2010-05-04,88,1,4,5,2,18,0,0.0,113.0,25.0,122.0,165.14285714285714,151.71428571428572,128.78571428571428
2010-05-05,413,2,5,5,2,18,0,88.0,532.0,210.0,71.0,161.57142857142858,156.21428571428572,127.57142857142857
2010-05-06,396,3,6,5,2,18,0,413.0,298.0,242.0,55.0,144.57142857142858,170.71428571428572,139.78571428571428
2010-05-07,290,4,7,5,2,18,0,396.0,185.0,72.0,46.0,158.57142857142858,181.71428571428572,151.96428571428572
2010-05-08,0,5,8,5,2,18,1,290.0,0.0,0.0,0.0,173.57142857142858,197.28571428571428,160.67857142857142
2010-05-09,20,6,9,5,2,18,1,0.0,28.0,36.0,122.0,173.57142857142858,197.28571428571428,160.67857142857142
2010-05-10,238,0,10,5,2,19,0,20.0,0.0,383.0,530.0,172.42857142857142,196.14285714285714,157.03571428571428
2010-05-11,85,1,11,5,2,19,0,238.0,88.0,113.0,37.0,206.42857142857142,185.78571428571428,146.60714285714286
2010-05-12,414,2,12,5,2,19,0,85.0,413.0,532.0,209.0,206.0,183.78571428571428,148.32142857142858
2010-05-13,56,3,13,5,2,19,0,414.0,396.0,298.0,54.0,206.14285714285714,175.35714285714286,155.64285714285714
2010-05-14,52,4,14,5,2,19,0,56.0,290.0,185.0,146.0,157.57142857142858,158.07142857142858,155.71428571428572
2010-05-15,0,5,15,5,2,19,1,52.0,0.0,0.0,0.0,123.57142857142857,148.57142857142858,152.35714285714286
2010-05-16,149,6,16,5,2,19,1,0.0,20.0,28.0,30.0,123.57142857142857,148.57142857142858,152.35714285714286
2010-05-17,23,0,17,5,2,20,0,149.0,238.0,0.0,60.0,142.0,157.21428571428572,156.60714285714286
2010-05-18,309,1,18,5,2,20,0,23.0,85.0,88.0,25.0,111.28571428571429,158.85714285714286,155.28571428571428
2010-05-19,36,2,19,5,2,20,0,309.0,414.0,413.0,210.0,143.28571428571428,174.64285714285714,165.42857142857142
2010-05-20,89,3,20,5,2,20,0,36.0,56.0,396.0,242.0,89.28571428571429,147.71428571428572,159.21428571428572
2010-05-21,122,4,21,5,2,20,0,89.0,52.0,290.0,72.0,94.0,125.78571428571429,153.75
2010-05-22,0,5,22,5,2,20,1,122.0,0.0,0.0,0.0,104.0,113.78571428571429,155.53571428571428
2010-05-23,45,6,23,5,2,20,1,0.0,149.0,20.0,36.0,104.0,113.78571428571429,155.53571428571428
2010-05-24,141,0,24,5,2,21,0,45.0,23.0,238.0,383.0,89.14285714285714,115.57142857142857,155.85714285714286
2010-05-25,262,1,25,5,2,21,0,141.0,309.0,85.0,113.0,106.0,108.64285714285714,147.21428571428572
2010-05-26,151,2,26,5,2,21,0,262.0,36.0,414.0,532.0,99.28571428571429,121.28571428571429,152.53571428571428
2010-05-27,172,3,27,5,2,21,0,151.0,89.0,56.0,298.0,115.71428571428571,102.5,138.92857142857142
2010-05-28,32,4,28,5,2,21,0,172.0,122.0,52.0,185.0,127.57142857142857,110.78571428571429,134.42857142857142
2010-05-29,0,5,29,5,2,21,1,32.0,0.0,0.0,0.0,114.71428571428571,109.35714285714286,128.96428571428572
2010-05-30,2,6,30,5,2,21,1,0.0,45.0,149.0,28.0,114.71428571428571,109.35714285714286,128.96428571428572
2010-05-31,0,0,31,5,2,22,0,2.0,141.0,23.0,0.0,108.57142857142857,98.85714285714286,128.03571428571428
2010-06-01,26,1,1,6,2,22,0,0.0,262.0,309.0,88.0,88.42857142857143,97.21428571428571,128.03571428571428
2010-06-02,338,2,2,6,2,22,0,26.0,151.0,36.0,413.0,54.714285714285715,77.0,125.82142857142857
2010-06-03,150,3,3,6,2,22,0,338.0,172.0,89.0,396.0,81.42857142857143,98.57142857142857,123.14285714285714
2010-06-04,45,4,4,6,2,22,0,150.0,32.0,122.0,290.0,78.28571428571429,102.92857142857143,114.35714285714286
2010-06-05,0,5,5,6,2,22,1,45.0,0.0,0.0,0.0,80.14285714285714,97.42857142857143,105.60714285714286
2010-06-06,159,6,6,6,2,22,1,0.0,2.0,45.0,20.0,80.14285714285714,97.42857142857143,105.60714285714286
2010-06-07,207,0,7,6,2,23,0,159.0,0.0,141.0,238.0,102.57142857142857,105.57142857142857,110.57142857142857
2010-06-08,135,1,8,6,2,23,0,207.0,26.0,262.0,85.0,132.14285714285714,110.28571428571429,109.46428571428571
2010-06-09,219,2,9,6,2,23,0,135.0,338.0,151.0,414.0,147.71428571428572,101.21428571428571,111.25
2010-06-10,24,3,10,6,2,23,0,219.0,150.0,172.0,56.0,130.71428571428572,106.07142857142857,104.28571428571429
2010-06-11,224,4,11,6,2,23,0,24.0,45.0,32.0,52.0,112.71428571428571,95.5,103.14285714285714
2010-06-12,0,5,12,6,2,23,1,224.0,0.0,0.0,0.0,138.28571428571428,109.21428571428571,109.28571428571429
2010-06-13,164,6,13,6,2,23,1,0.0,159.0,2.0,149.0,138.28571428571428,109.21428571428571,109.28571428571429
2010-06-14,39,0,14,6,2,24,0,164.0,207.0,0.0,23.0,139.0,120.78571428571429,109.82142857142857
2010-06-15,42,1,15,6,2,24,0,39.0,135.0,26.0,309.0,115.0,123.57142857142857,110.39285714285714
2010-06-16,126,2,16,6,2,24,0,42.0,219.0,338.0,36.0,101.71428571428571,124.71428571428571,100.85714285714286
2010-06-17,108,3,17,6,2,24,0,126.0,24.0,150.0,89.0,88.42857142857143,109.57142857142857,104.07142857142857
2010-06-18,361,4,18,6,2,24,0,108.0,224.0,45.0,122.0,100.42857142857143,106.57142857142857,104.75
2010-06-19,0,5,19,6,2,24,1,361.0,0.0,0.0,0.0,120.0,129.14285714285714,113.28571428571429
2010-06-20,20,6,20,6,2,24,1,0.0,164.0,159.0,45.0,120.0,129.14285714285714,113.28571428571429
2010-06-21,70,0,21,6,2,25,0,20.0,39.0,207.0,141.0,99.42857142857143,119.21428571428571,112.39285714285714
2010-06-22,177,1,22,6,2,25,0,70.0,42.0,135.0,262.0,103.85714285714286,109.42857142857143,109.85714285714286
2010-06-23,127,2,23,6,2,25,0,177.0,126.0,219.0,151.0,123.14285714285714,112.42857142857143,106.82142857142857
2010-06-24,180,3,24,6,2,25,0,127.0,108.0,24.0,172.0,123.28571428571429,105.85714285714286,105.96428571428571
2010-06-25,73,4,25,6,2,25,0,180.0,361.0,224.0,32.0,133.57142857142858,117.0,106.25
2010-06-26,0,5,26,6,2,25,1,73.0,0.0,0.0,0.0,92.42857142857143,106.21428571428571,107.71428571428571
2010-06-27,123,6,27,6,2,25,1,0.0,20.0,164.0,2.0,92.42857142857143,106.21428571428571,107.71428571428571
2010-06-28,295,0,28,6,2,26,0,123.0,70.0,39.0,0.0,107.14285714285714,103.28571428571429,112.03571428571429
2010-06-29,756,1,29,6,2,26,0,295.0,177.0,42.0,26.0,139.28571428571428,121.57142857142857,122.57142857142857
2010-06-30,124,2,30,6,2,26,0,756.0,127.0,126.0,338.0,222.0,172.57142857142858,148.64285714285714
2010-07-01,170,3,1,7,3,26,0,124.0,180.0,108.0,150.0,221.57142857142858,172.42857142857142,141.0
2010-07-02,60,4,2,7,3,26,0,170.0,73.0,361.0,45.0,220.14285714285714,176.85714285714286,141.71428571428572
2010-07-03,0,5,3,7,3,26,1,60.0,0.0,0.0,0.0,218.28571428571428,155.35714285714286,142.25
2010-07-04,10,6,4,7,3,26,1,0.0,123.0,20.0,159.0,218.28571428571428,155.35714285714286,142.25
2010-07-05,365,0,5,7,3,27,0,10.0,295.0,70.0,207.0,202.14285714285714,154.64285714285714,136.92857142857142
2010-07-06,21,1,6,7,3,27,0,365.0,756.0,177.0,135.0,212.14285714285714,175.71428571428572,142.57142857142858
2010-07-07,150,2,7,7,3,27,0,21.0,124.0,127.0,219.0,107.14285714285714,164.57142857142858,138.5
2010-07-08,15,3,8,7,3,27,0,150.0,170.0,180.0,24.0,110.85714285714286,166.21428571428572,136.03571428571428
2010-07-09,100,4,9,7,3,27,0,15.0,60.0,73.0,224.0,88.71428571428571,154.42857142857142,135.71428571428572
2010-07-10,0,5,10,7,3,27,1,100.0,0.0,0.0,0.0,94.42857142857143,156.35714285714286,131.28571428571428
2010-07-11,3,6,11,7,3,27,1,0.0,10.0,123.0,164.0,94.42857142857143,156.35714285714286,131.28571428571428
2010-07-12,259,0,12,7,3,28,0,3.0,365.0,295.0,39.0,93.42857142857143,147.78571428571428,125.53571428571429
2010-07-13,120,1,13,7,3,28,0,259.0,21.0,756.0,42.0,78.28571428571429,145.21428571428572,133.39285714285714
2010-07-14,212,2,14,7,3,28,0,120.0,150.0,124.0,126.0,92.42857142857143,99.78571428571429,136.17857142857142
2010-07-15,91,3,15,7,3,28,0,212.0,15.0,170.0,108.0,101.28571428571429,106.07142857142857,139.25
2010-07-16,67,4,16,7,3,28,0,91.0,100.0,60.0,361.0,112.14285714285714,100.42857142857143,138.64285714285714
2010-07-17,0,5,17,7,3,28,1,67.0,0.0,0.0,0.0,107.42857142857143,100.92857142857143,128.14285714285714
2010-07-18,116,6,18,7,3,28,1,0.0,3.0,10.0,20.0,107.42857142857143,100.92857142857143,128.14285714285714
2010-07-19,174,0,19,7,3,29,0,116.0,259.0,365.0,70.0,123.57142857142857,108.5,131.57142857142858
2010-07-20,383,1,20,7,3,29,0,174.0,120.0,21.0,177.0,111.42857142857143,94.85714285714286,135.28571428571428
2010-07-21,215,2,21,7,3,29,0,383.0,212.0,150.0,127.0,149.0,120.71428571428571,142.64285714285714
2010-07-22,78,3,22,7,3,29,0,215.0,91.0,15.0,180.0,149.42857142857142,125.35714285714286,145.78571428571428
2010-07-23,313,4,23,7,3,29,0,78.0,67.0,100.0,73.0,147.57142857142858,129.85714285714286,142.14285714285714
2010-07-24,0,5,24,7,3,29,1,313.0,0.0,0.0,0.0,182.71428571428572,145.07142857142858,150.71428571428572
2010-07-25,103,6,25,7,3,29,1,0.0,116.0,3.0,123.0,182.71428571428572,145.07142857142858,150.71428571428572
2010-07-26,75,0,26,7,3,30,0,103.0,174.0,259.0,295.0,180.85714285714286,152.21428571428572,150.0
2010-07-27,32,1,27,7,3,30,0,75.0,383.0,120.0,756.0,166.71428571428572,139.07142857142858,142.14285714285714
2010-07-28,77,2,28,7,3,30,0,32.0,215.0,212.0,124.0,116.57142857142857,132.78571428571428,116.28571428571429
2010-07-29,342,3,29,7,3,30,0,77.0,78.0,91.0,170.0,96.85714285714286,123.14285714285714,114.60714285714286
2010-07-30,40,4,30,7,3,30,0,342.0,313.0,67.0,60.0,134.57142857142858,141.07142857142858,120.75
2010-07-31,0,5,31,7,3,30,1,40.0,0.0,0.0,0.0,95.57142857142857,139.14285714285714,120.03571428571429
2010-08-01,52,6,1,8,3,30,1,0.0,103.0,116.0,10.0,95.57142857142857,139.14285714285714,120.03571428571429
2010-08-02,93,0,2,8,3,31,0,52.0,75.0,174.0,365.0,88.28571428571429,134.57142857142858,121.53571428571429
2010-08-03,94,1,3,8,3,31,0,93.0,32.0,383.0,21.0,90.85714285714286,128.78571428571428,111.82142857142857
2010-08-04,131,2,4,8,3,31,0,94.0,77.0,215.0,150.0,99.71428571428571,108.14285714285714,114.42857142857143
2010-08-05,330,3,5,8,3,31,0,131.0,342.0,78.0,15.0,107.42857142857143,102.14285714285714,113.75
2010-08-06,60,4,6,8,3,31,0,330.0,40.0,313.0,100.0,105.71428571428571,120.14285714285714,125.0
2010-08-07,0,5,7,8,3,31,1,60.0,0.0,0.0,0.0,108.57142857142857,102.07142857142857,123.57142857142857
2010-08-08,18,6,8,8,3,31,1,0.0,52.0,103.0,3.0,108.57142857142857,102.07142857142857,123.57142857142857
2010-08-09,21,0,9,8,3,32,0,18.0,93.0,75.0,259.0,103.71428571428571,96.0,124.10714285714286
2010-08-10,363,1,10,8,3,32,0,21.0,94.0,32.0,120.0,93.42857142857143,92.14285714285714,115.60714285714286
2010-08-11,174,2,11,8,3,32,0,363.0,131.0,77.0,212.0,131.85714285714286,115.78571428571429,124.28571428571429
2010-08-12,66,3,12,8,3,32,0,174.0,330.0,342.0,91.0,138.0,122.71428571428571,122.92857142857143
2010-08-13,131,4,13,8,3,32,0,66.0,60.0,40.0,67.0,100.28571428571429,103.0,122.03571428571429
2010-08-14,0,5,14,8,3,32,1,131.0,0.0,0.0,0.0,110.42857142857143,109.5,124.32142857142857
2010-08-15,138,6,15,8,3,32,1,0.0,18.0,52.0,116.0,110.42857142857143,109.5,124.32142857142857
2010-08-16,171,0,16,8,3,33,0,138.0,21.0,93.0,174.0,127.57142857142857,115.64285714285714,125.10714285714286
2010-08-17,8,1,17,8,3,33,0,171.0,363.0,94.0,383.0,149.0,121.21428571428571,125.0
2010-08-18,0,2,18,8,3,33,0,8.0,174.0,131.0,215.0,98.28571428571429,115.07142857142857,111.60714285714286
2010-08-19,0,3,19,8,3,33,0,0.0,66.0,330.0,78.0,73.42857142857143,105.71428571428571,103.92857142857143
2010-08-20,9,4,20,8,3,33,0,0.0,131.0,60.0,313.0,64.0,82.14285714285714,101.14285714285714
2010-08-21,0,5,21,8,3,33,1,9.0,0.0,0.0,0.0,46.57142857142857,78.5,90.28571428571429
2010-08-22,1,6,22,8,3,33,1,0.0,138.0,18.0,103.0,46.57142857142857,78.5,90.28571428571429
2010-08-23,0,0,23,8,3,34,0,1.0,171.0,21.0,75.0,27.0,77.28571428571429,86.64285714285714
2010-08-24,1,1,24,8,3,34,0,0.0,8.0,363.0,32.0,2.5714285714285716,75.78571428571429,83.96428571428571
2010-08-25,0,2,25,8,3,34,0,1.0,0.0,174.0,77.0,1.5714285714285714,49.92857142857143,82.85714285714286
2010-08-26,0,3,26,8,3,34,0,0.0,0.0,66.0,342.0,1.5714285714285714,37.5,80.10714285714286
2010-08-27,0,4,27,8,3,34,0,0.0,9.0,131.0,40.0,1.5714285714285714,32.785714285714285,67.89285714285714
2010-08-28,0,5,28,8,3,34,1,0.0,0.0,0.0,0.0,0.2857142857142857,23.428571428571427,66.46428571428571
2010-08-29,0,6,29,8,3,34,1,0.0,1.0,138.0,52.0,0.2857142857142857,23.428571428571427,66.46428571428571
2010-08-30,0,0,30,8,3,35,0,0.0,0.0,171.0,93.0,0.14285714285714285,13.571428571428571,64.60714285714286
2010-08-31,0,1,31,8,3,35,0,0.0,1.0,8.0,94.0,0.14285714285714285,1.3571428571428572,61.285714285714285
2010-09-01,0,2,1,9,3,35,0,0.0,0.0,0.0,131.0,0.0,0.7857142857142857,57.92857142857143
2010-09-02,683,3,2,9,3,35,0,0.0,0.0,0.0,330.0,0.0,0.7857142857142857,53.25
2010-09-03,1132,4,3,9,3,35,0,683.0,0.0,9.0,60.0,97.57142857142857,49.57142857142857,65.85714285714286
2010-09-04,0,5,4,9,3,35,1,1132.0,0.0,0.0,0.0,259.2857142857143,129.78571428571428,104.14285714285714
2010-09-05,64,6,5,9,3,35,1,0.0,0.0,1.0,18.0,259.2857142857143,129.78571428571428,104.14285714285714
2010-09-06,392,0,6,9,3,36,0,64.0,0.0,0.0,21.0,268.42857142857144,134.28571428571428,105.78571428571429
2010-09-07,453,1,7,9,3,36,0,392.0,0.0,1.0,363.0,324.42857142857144,162.28571428571428,119.03571428571429
2010-09-08,133,2,8,9,3,36,0,453.0,0.0,0.0,174.0,389.14285714285717,194.57142857142858,122.25
2010-09-09,57,3,9,9,3,36,0,133.0,683.0,0.0,66.0,408.14285714285717,204.07142857142858,120.78571428571429
2010-09-10,256,4,10,9,3,36,0,57.0,1132.0,0.0,131.0,318.7142857142857,208.14285714285714,120.46428571428571
2010-09-11,0,5,11,9,3,36,1,256.0,0.0,0.0,0.0,193.57142857142858,226.42857142857142,124.92857142857143
2010-09-12,22,6,12,9,3,36,1,0.0,64.0,0.0,138.0,193.57142857142858,226.42857142857142,124.92857142857143
2010-09-13,142,0,13,9,3,37,0,22.0,392.0,0.0,171.0,187.57142857142858,228.0,120.78571428571429
2010-09-14,191,1,14,9,3,37,0,142.0,453.0,0.0,8.0,151.85714285714286,238.14285714285714,119.75
2010-09-15,275,2,15,9,3,37,0,191.0,133.0,0.0,0.0,114.42857142857143,251.78571428571428,126.28571428571429
2010-09-16,220,3,16,9,3,37,0,275.0,57.0,683.0,0.0,134.71428571428572,271.42857142857144,136.10714285714286
2010-09-17,131,4,17,9,3,37,0,220.0,256.0,1132.0,9.0,158.0,238.35714285714286,143.96428571428572
2010-09-18,0,5,18,9,3,37,1,131.0,0.0,0.0,0.0,140.14285714285714,166.85714285714286,148.32142857142858
2010-09-19,159,6,19,9,3,37,1,0.0,22.0,64.0,1.0,140.14285714285714,166.85714285714286,148.32142857142858
2010-09-20,220,0,20,9,3,38,0,159.0,142.0,392.0,0.0,159.71428571428572,173.64285714285714,153.96428571428572
2010-09-21,770,1,21,9,3,38,0,220.0,191.0,453.0,1.0,170.85714285714286,161.35714285714286,161.82142857142858
2010-09-22,59,2,22,9,3,38,0,770.0,275.0,133.0,0.0,253.57142857142858,184.0,189.28571428571428
2010-09-23,21,3,23,9,3,38,0,59.0,220.0,57.0,0.0,222.71428571428572,178.71428571428572,191.39285714285714
2010-09-24,275,4,24,9,3,38,0,21.0,131.0,256.0,0.0,194.28571428571428,176.14285714285714,192.14285714285714
2010-09-25,0,5,25,9,3,38,1,275.0,0.0,0.0,0.0,214.85714285714286,177.5,201.96428571428572
2010-09-26,36,6,26,9,3,38,1,0.0,159.0,22.0,0.0,214.85714285714286,177.5,201.96428571428572
2010-09-27,241,0,27,9,3,39,0,36.0,220.0,142.0,0.0,197.28571428571428,178.5,203.25
2010-09-28,162,1,28,9,3,39,0,241.0,770.0,191.0,0.0,200.28571428571428,185.57142857142858,211.85714285714286
2010-09-29,464,2,29,9,3,39,0,162.0,59.0,275.0,0.0,113.42857142857143,183.5,217.64285714285714
2010-09-30,465,3,30,9,3,39,0,464.0,21.0,220.0,683.0,171.28571428571428,197.0,234.21428571428572
2010-10-01,156,4,1,10,4,39,0,465.0,275.0,131.0,1132.0,234.71428571428572,214.5,226.42857142857142
2010-10-02,0,5,2,10,4,39,1,156.0,0.0,0.0,0.0,217.71428571428572,216.28571428571428,191.57142857142858
2010-10-03,109,6,3,10,4,39,1,0.0,36.0,159.0,64.0,217.71428571428572,216.28571428571428,191.57142857142858
2010-10-04,221,0,4,10,4,40,0,109.0,241.0,220.0,392.0,228.14285714285714,212.71428571428572,193.17857142857142
2010-10-05,316,1,5,10,4,40,0,221.0,162.0,770.0,453.0,225.28571428571428,212.78571428571428,187.07142857142858
2010-10-06,63,2,6,10,4,40,0,316.0,464.0,59.0,133.0,247.28571428571428,180.35714285714286,182.17857142857142
2010-10-07,184,3,7,10,4,40,0,63.0,465.0,21.0,57.0,190.0,180.64285714285714,179.67857142857142
2010-10-08,134,4,8,10,4,40,0,184.0,156.0,275.0,256.0,149.85714285714286,192.28571428571428,184.21428571428572
2010-10-09,0,5,9,10,4,40,1,134.0,0.0,0.0,0.0,146.71428571428572,182.21428571428572,179.85714285714286
2010-10-10,38,6,10,10,4,40,1,0.0,109.0,36.0,22.0,146.71428571428572,182.21428571428572,179.85714285714286
2010-10-11,576,0,11,10,4,41,0,38.0,221.0,241.0,142.0,136.57142857142858,182.35714285714286,180.42857142857142
2010-10-12,486,1,12,10,4,41,0,576.0,316.0,162.0,191.0,187.28571428571428,206.28571428571428,195.92857142857142
2010-10-13,381,2,13,10,4,41,0,486.0,63.0,464.0,275.0,211.57142857142858,229.42857142857142,206.46428571428572
2010-10-14,180,3,14,10,4,41,0,381.0,184.0,465.0,220.0,257.0,223.5,210.25
2010-10-15,187,4,15,10,4,41,0,180.0,134.0,156.0,131.0,256.42857142857144,203.14285714285714,208.82142857142858
2010-10-16,0,5,16,10,4,41,1,187.0,0.0,0.0,0.0,264.0,205.35714285714286,210.82142857142858
2010-10-17,46,6,17,10,4,41,1,0.0,38.0,109.0,159.0,264.0,205.35714285714286,210.82142857142858
2010-10-18,249,0,18,10,4,42,0,46.0,576.0,221.0,220.0,265.14285714285717,200.85714285714286,206.78571428571428
2010-10-19,151,1,19,10,4,42,0,249.0,486.0,316.0,770.0,218.42857142857142,202.85714285714286,207.82142857142858
2010-10-20,44,2,20,10,4,42,0,151.0,381.0,63.0,59.0,170.57142857142858,191.07142857142858,185.71428571428572
2010-10-21,46,3,21,10,4,42,0,44.0,180.0,184.0,21.0,122.42857142857143,189.71428571428572,185.17857142857142
2010-10-22,222,4,22,10,4,42,0,46.0,187.0,134.0,275.0,103.28571428571429,179.85714285714286,186.07142857142858
2010-10-23,0,5,23,10,4,42,1,222.0,0.0,0.0,0.0,108.28571428571429,186.14285714285714,184.17857142857142
2010-10-24,73,6,24,10,4,42,1,0.0,46.0,38.0,36.0,108.28571428571429,186.14285714285714,184.17857142857142
2010-10-25,75,0,25,10,4,43,0,73.0,249.0,576.0,241.0,112.14285714285714,188.64285714285714,185.5
2010-10-26,148,1,26,10,4,43,0,75.0,151.0,486.0,162.0,87.28571428571429,152.85714285714286,179.57142857142858
2010-10-27,62,2,27,10,4,43,0,148.0,44.0,381.0,464.0,86.85714285714286,128.71428571428572,179.07142857142858
2010-10-28,75,3,28,10,4,43,0,62.0,46.0,180.0,465.0,89.42857142857143,105.92857142857143,164.71428571428572
2010-10-29,113,4,29,10,4,43,0,75.0,222.0,187.0,156.0,93.57142857142857,98.42857142857143,150.78571428571428
2010-10-30,0,5,30,10,4,43,1,113.0,0.0,0.0,0.0,78.0,93.14285714285714,149.25
2010-10-31,42,6,31,10,4,43,1,0.0,73.0,46.0,109.0,78.0,93.14285714285714,149.25
2010-11-01,42,0,1,11,4,44,0,42.0,75.0,249.0,221.0,73.57142857142857,92.85714285714286,146.85714285714286
2010-11-02,214,1,2,11,4,44,0,42.0,148.0,151.0,316.0,68.85714285714286,78.07142857142857,140.46428571428572
2010-11-03,159,2,3,11,4,44,0,214.0,62.0,44.0,63.0,78.28571428571429,82.57142857142857,136.82142857142858
2010-11-04,158,3,4,11,4,44,0,159.0,75.0,46.0,184.0,92.14285714285714,90.78571428571429,140.25
2010-11-05,172,4,5,11,4,44,0,158.0,113.0,222.0,134.0,104.0,98.78571428571429,139.32142857142858
2010-11-06,0,5,6,11,4,44,1,172.0,0.0,0.0,0.0,112.42857142857143,95.21428571428571,140.67857142857142
2010-11-07,48,6,7,11,4,44,1,0.0,42.0,73.0,38.0,112.42857142857143,95.21428571428571,140.67857142857142
2010-11-08,56,0,8,11,4,45,0,48.0,42.0,75.0,576.0,113.28571428571429,93.42857142857143,141.03571428571428
2010-11-09,452,1,9,11,4,45,0,56.0,214.0,148.0,486.0,115.28571428571429,92.07142857142857,122.46428571428571
2010-11-10,146,2,10,11,4,45,0,452.0,159.0,62.0,381.0,149.28571428571428,113.78571428571429,121.25
2010-11-11,1343,3,11,11,4,45,0,146.0,158.0,75.0,180.0,147.42857142857142,119.78571428571429,112.85714285714286
2010-11-12,99,4,12,11,4,45,0,1343.0,172.0,113.0,187.0,316.7142857142857,210.35714285714286,154.39285714285714
2010-11-13,0,5,13,11,4,45,1,99.0,0.0,0.0,0.0,306.2857142857143,209.35714285714286,151.25
2010-11-14,30,6,14,11,4,45,1,0.0,48.0,42.0,46.0,306.2857142857143,209.35714285714286,151.25
2010-11-15,411,0,15,11,4,46,0,30.0,56.0,42.0,249.0,303.7142857142857,208.5,150.67857142857142
2010-11-16,257,1,16,11,4,46,0,411.0,452.0,214.0,151.0,354.42857142857144,234.85714285714286,156.46428571428572
2010-11-17,78,2,17,11,4,46,0,257.0,146.0,159.0,44.0,326.57142857142856,237.92857142857142,160.25
2010-11-18,304,3,18,11,4,46,0,78.0,1343.0,158.0,46.0,316.85714285714283,232.14285714285714,161.46428571428572
2010-11-19,95,4,19,11,4,46,0,304.0,99.0,172.0,222.0,168.42857142857142,242.57142857142858,170.67857142857142
2010-11-20,0,5,20,11,4,46,1,95.0,0.0,0.0,0.0,167.85714285714286,237.07142857142858,166.14285714285714
2010-11-21,70,6,21,11,4,46,1,0.0,30.0,48.0,73.0,167.85714285714286,237.07142857142858,166.14285714285714
2010-11-22,253,0,22,11,4,47,0,70.0,411.0,56.0,75.0,173.57142857142858,238.64285714285714,166.03571428571428
2010-11-23,165,1,23,11,4,47,0,253.0,257.0,452.0,148.0,151.0,252.71428571428572,172.39285714285714
2010-11-24,230,2,24,11,4,47,0,165.0,78.0,146.0,62.0,137.85714285714286,232.21428571428572,173.0
2010-11-25,456,3,25,11,4,47,0,230.0,304.0,1343.0,75.0,159.57142857142858,238.21428571428572,179.0
2010-11-26,113,4,26,11,4,47,0,456.0,95.0,99.0,113.0,181.28571428571428,174.85714285714286,192.60714285714286
2010-11-27,0,5,27,11,4,47,1,113.0,0.0,0.0,0.0,183.85714285714286,175.85714285714286,192.60714285714286
2010-11-28,6,6,28,11,4,47,1,0.0,70.0,30.0,42.0,183.85714285714286,175.85714285714286,192.60714285714286
2010-11-29,260,0,29,11,4,48,0,6.0,253.0,411.0,42.0,174.71428571428572,174.14285714285714,191.32142857142858
2010-11-30,795,1,30,11,4,48,0,260.0,165.0,257.0,214.0,175.71428571428572,163.35714285714286,199.10714285714286
2010-12-01,556,2,1,12,4,48,0,795.0,230.0,78.0,159.0,265.7142857142857,201.78571428571428,219.85714285714286
2010-12-02,48,3,2,12,4,48,0,556.0,456.0,304.0,158.0,312.2857142857143,235.92857142857142,234.03571428571428
2010-12-03,49,4,3,12,4,48,0,48.0,113.0,95.0,172.0,254.0,217.64285714285714,230.10714285714286
2010-12-04,0,5,4,12,4,48,1,49.0,0.0,0.0,0.0,244.85714285714286,214.35714285714286,225.71428571428572
2010-12-05,39,6,5,12,4,48,1,0.0,6.0,70.0,48.0,244.85714285714286,214.35714285714286,225.71428571428572
2010-12-06,157,0,6,12,4,49,0,39.0,260.0,253.0,56.0,249.57142857142858,212.14285714285714,225.39285714285714
2010-12-07,343,1,7,12,4,49,0,157.0,795.0,165.0,452.0,234.85714285714286,205.28571428571428,229.0
2010-12-08,205,2,8,12,4,49,0,343.0,556.0,230.0,146.0,170.28571428571428,218.0,225.10714285714286
2010-12-09,21,3,9,12,4,49,0,205.0,48.0,456.0,1343.0,120.14285714285714,216.21428571428572,227.21428571428572
