Date,Demand,DayOfWeek,DayOfMonth,Month,Quarter,WeekOfYear,IsWeekend,Lag_1,Lag_7,Lag_14,Lag_28,Rolling_Mean_7,Rolling_Mean_14,Rolling_Mean_28,Demand_Change_1,Demand_Change_7,Short_Long_Ratio,Recent_Trend
2009-12-29,0,1,29,12,4,53,0,0.0,499.0,653.0,312.0,71.42857142857143,157.64285714285714,178.71428571428572,-499.0,-653.0,0.397456279809221,-107.28571428571429
2009-12-30,0,2,30,12,4,53,0,0.0,1.0,464.0,599.0,0.14285714285714285,111.0,167.57142857142858,-1.0,-464.0,0.0008474576271186439,-167.42857142857144
2009-12-31,0,3,31,12,4,53,0,0.0,0.0,168.0,190.0,0.0,77.85714285714286,146.17857142857142,0.0,-168.0,0.0,-146.17857142857142
2010-01-01,0,4,1,1,1,53,0,0.0,0.0,86.0,204.0,0.0,65.85714285714286,139.39285714285714,0.0,-86.0,0.0,-139.39285714285714
2010-01-02,0,5,2,1,1,53,1,0.0,0.0,0.0,48.0,0.0,59.714285714285715,132.10714285714286,0.0,0.0,0.0,-132.10714285714286
2010-01-03,0,6,3,1,1,53,1,0.0,0.0,72.0,175.0,0.0,59.714285714285715,130.39285714285714,0.0,-72.0,0.0,-130.39285714285714
2010-01-04,0,0,4,1,1,1,0,0.0,0.0,264.0,89.0,0.0,54.57142857142857,124.14285714285714,0.0,-264.0,0.0,-124.14285714285714
2010-01-05,27,1,5,1,1,1,0,0.0,0.0,499.0,103.0,0.0,35.714285714285715,120.96428571428571,0.0,-499.0,0.0,-120.96428571428571
2010-01-06,0,2,6,1,1,1,0,27.0,0.0,1.0,213.0,3.857142857142857,2.0,118.25,27.0,26.0,0.03234501347708895,-114.39285714285714
2010-01-07,636,3,7,1,1,1,0,0.0,0.0,0.0,307.0,3.857142857142857,1.9285714285714286,110.64285714285714,0.0,0.0,0.0345489443378119,-106.78571428571428
2010-01-08,48,4,8,1,1,1,0,636.0,0.0,0.0,304.0,94.71428571428571,47.357142857142854,122.39285714285714,636.0,636.0,0.7675832127351664,-27.67857142857143
2010-01-09,0,5,9,1,1,1,1,48.0,0.0,0.0,0.0,101.57142857142857,50.785714285714285,113.25,48.0,48.0,0.8890278211941232,-11.67857142857143
2010-01-10,60,6,10,1,1,1,1,0.0,0.0,0.0,105.0,101.57142857142857,50.785714285714285,113.25,0.0,0.0,0.8890278211941232,-11.67857142857143
2010-01-11,64,0,11,1,1,2,0,60.0,0.0,0.0,148.0,110.14285714285714,55.07142857142857,111.64285714285714,60.0,60.0,0.9778059606848446,-1.5
2010-01-12,247,1,12,1,1,2,0,64.0,27.0,0.0,653.0,119.28571428571429,59.642857142857146,108.64285714285714,37.0,64.0,1.0879478827361564,10.642857142857153
2010-01-13,7,2,13,1,1,2,0,247.0,0.0,0.0,464.0,150.71428571428572,77.28571428571429,94.14285714285714,247.0,247.0,1.5840840840840842,56.571428571428584
2010-01-14,31,3,14,1,1,2,0,7.0,636.0,0.0,168.0,151.71428571428572,77.78571428571429,77.82142857142857,-629.0,7.0,1.9247847757136385,73.89285714285715
2010-01-15,48,4,15,1,1,2,0,31.0,48.0,0.0,86.0,65.28571428571429,80.0,72.92857142857143,-17.0,31.0,0.8830917874396136,-7.642857142857139
2010-01-16,0,5,16,1,1,2,1,48.0,0.0,0.0,0.0,65.28571428571429,83.42857142857143,71.57142857142857,48.0,48.0,0.8996062992125985,-6.285714285714278
2010-01-17,108,6,17,1,1,2,1,0.0,60.0,0.0,72.0,65.28571428571429,83.42857142857143,71.57142857142857,-60.0,0.0,0.8996062992125985,-6.285714285714278
2010-01-18,331,0,18,1,1,3,0,108.0,64.0,0.0,264.0,72.14285714285714,91.14285714285714,72.85714285714286,44.0,108.0,0.9767891682785299,-0.7142857142857224
2010-01-19,68,1,19,1,1,3,0,331.0,247.0,27.0,499.0,110.28571428571429,114.78571428571429,75.25,84.0,304.0,1.4463700234192038,35.03571428571429
2010-01-20,513,2,20,1,1,3,0,68.0,7.0,0.0,1.0,84.71428571428571,117.71428571428571,59.857142857142854,61.0,68.0,1.392018779342723,24.857142857142854
2010-01-21,57,3,21,1,1,3,0,513.0,31.0,636.0,0.0,157.0,154.35714285714286,78.14285714285714,482.0,-123.0,1.983754512635379,78.85714285714286
2010-01-22,125,4,22,1,1,3,0,57.0,48.0,48.0,0.0,160.71428571428572,113.0,80.17857142857143,9.0,9.0,1.979762428508579,80.53571428571429
2010-01-23,0,5,23,1,1,3,1,125.0,0.0,0.0,0.0,171.71428571428572,118.5,84.64285714285714,125.0,125.0,2.005004170141785,87.07142857142858
2010-01-24,109,6,24,1,1,3,1,0.0,108.0,60.0,0.0,171.71428571428572,118.5,84.64285714285714,-108.0,-60.0,2.005004170141785,87.07142857142858
2010-01-25,51,0,25,1,1,4,0,109.0,331.0,64.0,0.0,171.85714285714286,122.0,88.53571428571429,-222.0,45.0,1.919425608296769,83.32142857142857
2010-01-26,799,1,26,1,1,4,0,51.0,68.0,247.0,0.0,131.85714285714286,121.07142857142857,90.35714285714286,-17.0,-196.0,1.4433150899139953,41.5
2010-01-27,243,2,27,1,1,4,0,799.0,513.0,7.0,0.0,236.28571428571428,160.5,118.89285714285714,286.0,792.0,1.9708072683943998,117.39285714285714
2010-01-28,168,3,28,1,1,4,0,243.0,57.0,31.0,0.0,197.71428571428572,177.35714285714286,127.57142857142857,186.0,212.0,1.5377777777777781,70.14285714285715
2010-01-29,73,4,29,1,1,4,0,168.0,125.0,48.0,0.0,213.57142857142858,187.14285714285714,133.57142857142858,43.0,120.0,1.5870488322717622,80.0
2010-01-30,0,5,30,1,1,4,1,73.0,0.0,0.0,0.0,206.14285714285714,188.92857142857142,136.17857142857142,73.0,73.0,1.5027336631085655,69.96428571428572
2010-01-31,111,6,31,1,1,4,1,0.0,109.0,108.0,0.0,206.14285714285714,188.92857142857142,136.17857142857142,-109.0,-108.0,1.5027336631085655,69.96428571428572
2010-02-01,31,0,1,2,1,5,0,111.0,51.0,331.0,0.0,206.42857142857142,189.14285714285714,140.14285714285714,60.0,-220.0,1.4625506072874495,66.28571428571428
2010-02-02,240,1,2,2,1,5,0,31.0,799.0,68.0,27.0,203.57142857142858,167.71428571428572,141.25,-768.0,-37.0,1.4310820989204118,62.321428571428584
2010-02-03,26,2,3,2,1,5,0,240.0,243.0,513.0,0.0,123.71428571428571,180.0,148.85714285714286,-3.0,-273.0,0.8255481410867492,-25.142857142857153
2010-02-04,187,3,4,2,1,5,0,26.0,168.0,57.0,636.0,92.71428571428571,145.21428571428572,149.78571428571428,-142.0,-31.0,0.6148744670772146,-57.07142857142857
2010-02-05,75,4,5,2,1,5,0,187.0,73.0,125.0,48.0,95.42857142857143,154.5,133.75,114.0,62.0,0.7081897694142593,-38.32142857142857
2010-02-06,0,5,6,2,1,5,1,75.0,0.0,0.0,0.0,95.71428571428571,150.92857142857142,134.71428571428572,75.0,75.0,0.7052631578947367,-39.000000000000014
2010-02-07,413,6,7,2,1,5,1,0.0,111.0,109.0,60.0,95.71428571428571,150.92857142857142,134.71428571428572,-111.0,-109.0,0.7052631578947367,-39.000000000000014
2010-02-08,151,0,8,2,1,6,0,413.0,31.0,51.0,64.0,138.85714285714286,172.64285714285714,147.32142857142858,382.0,362.0,0.9361907055140861,-8.464285714285722
2010-02-09,99,1,9,2,1,6,0,151.0,240.0,799.0,247.0,156.0,179.78571428571428,150.42857142857142,-89.0,-648.0,1.030188679245283,5.571428571428584
2010-02-10,33,2,10,2,1,6,0,99.0,26.0,243.0,7.0,135.85714285714286,129.78571428571428,145.14285714285714,73.0,-144.0,0.9296187683284458,-9.285714285714278
2010-02-11,78,3,11,2,1,6,0,33.0,187.0,168.0,31.0,136.85714285714286,114.78571428571429,146.07142857142858,-154.0,-135.0,0.9305488101019912,-9.214285714285722
2010-02-12,315,4,12,2,1,6,0,78.0,75.0,73.0,48.0,121.28571428571429,108.35714285714286,147.75,3.0,5.0,0.8153661464585835,-26.464285714285708
2010-02-13,0,5,13,2,1,6,1,315.0,0.0,0.0,0.0,155.57142857142858,125.64285714285714,157.28571428571428,315.0,315.0,0.9828519855595669,-1.714285714285694
2010-02-14,229,6,14,2,1,6,1,0.0,413.0,111.0,108.0,155.57142857142858,125.64285714285714,157.28571428571428,-413.0,-111.0,0.9828519855595669,-1.714285714285694
2010-02-15,96,0,15,2,1,7,0,229.0,151.0,31.0,331.0,129.28571428571428,134.07142857142858,161.60714285714286,78.0,198.0,0.795080166922908,-32.321428571428584
2010-02-16,112,1,16,2,1,7,0,96.0,99.0,240.0,68.0,121.42857142857143,138.71428571428572,153.21428571428572,-3.0,-144.0,0.7874015748031495,-31.785714285714292
2010-02-17,368,2,17,2,1,7,0,112.0,33.0,26.0,513.0,123.28571428571429,129.57142857142858,154.78571428571428,79.0,86.0,0.7913801008711601,-31.499999999999986
2010-02-18,198,3,18,2,1,7,0,368.0,78.0,187.0,57.0,171.14285714285714,154.0,149.60714285714286,290.0,181.0,1.136352857481622,21.535714285714278
2010-02-19,31,4,19,2,1,7,0,198.0,315.0,75.0,125.0,188.28571428571428,154.78571428571428,154.64285714285714,-117.0,123.0,1.2097292335933914,33.64285714285714
2010-02-20,0,5,20,2,1,7,1,31.0,0.0,0.0,0.0,147.71428571428572,151.64285714285714,151.28571428571428,31.0,31.0,0.9699812382739214,-3.571428571428555
2010-02-21,76,6,21,2,1,7,1,0.0,229.0,413.0,109.0,147.71428571428572,151.64285714285714,151.28571428571428,-229.0,-413.0,0.9699812382739214,-3.571428571428555
2010-02-22,330,0,22,2,1,8,0,76.0,96.0,151.0,51.0,125.85714285714286,127.57142857142857,150.10714285714286,-20.0,-75.0,0.8329000236350744,-24.25
2010-02-23,216,1,23,2,1,8,0,330.0,112.0,99.0,799.0,159.28571428571428,140.35714285714286,160.07142857142858,218.0,231.0,0.9889135254988912,-0.785714285714306
2010-02-24,53,2,24,2,1,8,0,216.0,368.0,33.0,243.0,174.14285714285714,148.71428571428572,139.25,-152.0,183.0,1.2416603004838298,34.89285714285714
2010-02-25,709,3,25,2,1,8,0,53.0,198.0,78.0,168.0,129.14285714285714,150.14285714285714,132.46428571428572,-145.0,-25.0,0.9676210864329675,-3.3214285714285836
2010-02-26,4,4,26,2,1,8,0,709.0,31.0,315.0,73.0,202.14285714285714,195.21428571428572,151.78571428571428,678.0,394.0,1.3230481533426834,50.35714285714286
2010-02-27,0,5,27,2,1,8,1,4.0,0.0,0.0,0.0,198.28571428571428,173.0,149.32142857142858,4.0,4.0,1.3190781658351152,48.964285714285694
2010-02-28,195,6,28,2,1,8,1,0.0,76.0,229.0,111.0,198.28571428571428,173.0,149.32142857142858,-76.0,-229.0,1.3190781658351152,48.964285714285694
2010-03-01,385,0,1,3,1,9,0,195.0,330.0,96.0,31.0,215.28571428571428,170.57142857142858,152.32142857142858,-135.0,99.0,1.404146284649429,62.964285714285694
2010-03-02,55,1,2,3,1,9,0,385.0,216.0,112.0,240.0,223.14285714285714,191.21428571428572,164.96428571428572,169.0,273.0,1.344523348396815,58.178571428571416
2010-03-03,338,2,3,3,1,9,0,55.0,53.0,368.0,26.0,200.14285714285714,187.14285714285714,158.35714285714286,2.0,-313.0,1.2559390407888837,41.78571428571428
2010-03-04,360,3,4,3,1,9,0,338.0,709.0,198.0,187.0,240.85714285714286,185.0,169.5,-371.0,140.0,1.4126518642647674,71.35714285714286
2010-03-05,124,4,5,3,1,9,0,360.0,4.0,31.0,75.0,191.0,196.57142857142858,175.67857142857142,356.0,329.0,1.0810592278148374,15.321428571428584
2010-03-06,0,5,6,3,1,9,1,124.0,0.0,0.0,0.0,208.14285714285714,203.21428571428572,177.42857142857142,124.0,124.0,1.1665332265812651,30.714285714285722
2010-03-07,52,6,7,3,1,9,1,0.0,195.0,76.0,413.0,208.14285714285714,203.21428571428572,177.42857142857142,-195.0,-76.0,1.1665332265812651,30.714285714285722
2010-03-08,77,0,8,3,1,10,0,52.0,385.0,330.0,151.0,187.71428571428572,201.5,164.53571428571428,-333.0,-278.0,1.133980582524272,23.178571428571445
2010-03-09,96,1,9,3,1,10,0,77.0,55.0,216.0,99.0,143.71428571428572,183.42857142857142,161.89285714285714,22.0,-139.0,0.8822626616969963,-18.178571428571416
2010-03-10,324,2,10,3,1,10,0,96.0,338.0,53.0,33.0,149.57142857142858,174.85714285714286,161.78571428571428,-242.0,43.0,0.9188240456340502,-12.214285714285694
2010-03-11,28,3,11,3,1,10,0,324.0,360.0,709.0,78.0,147.57142857142858,194.21428571428572,172.17857142857142,-36.0,-385.0,0.8521344607135494,-24.607142857142833
2010-03-12,31,4,12,3,1,10,0,28.0,124.0,4.0,315.0,100.14285714285714,145.57142857142858,170.39285714285714,-96.0,24.0,0.5842883934152948,-70.25
2010-03-13,0,5,13,3,1,10,1,31.0,0.0,0.0,0.0,86.85714285714286,147.5,160.25,31.0,31.0,0.5386489479512736,-73.39285714285714
2010-03-14,133,6,14,3,1,10,1,0.0,52.0,195.0,229.0,86.85714285714286,147.5,160.25,-52.0,-195.0,0.5386489479512736,-73.39285714285714
2010-03-15,83,0,15,3,1,11,0,133.0,77.0,385.0,96.0,98.42857142857143,143.07142857142858,156.82142857142858,56.0,-252.0,0.6236705136908802,-58.39285714285715
2010-03-16,180,1,16,3,1,11,0,83.0,96.0,55.0,112.0,99.28571428571429,121.5,156.35714285714286,-13.0,28.0,0.6309577848388561,-57.07142857142857
2010-03-17,600,2,17,3,1,11,0,180.0,324.0,338.0,368.0,111.28571428571429,130.42857142857142,158.78571428571428,-144.0,-158.0,0.6964684845775593,-47.499999999999986
2010-03-18,220,3,18,3,1,11,0,600.0,28.0,360.0,198.0,150.71428571428572,149.14285714285714,167.07142857142858,572.0,240.0,0.8967275818104548,-16.35714285714286
2010-03-19,157,4,19,3,1,11,0,220.0,31.0,124.0,31.0,178.14285714285714,139.14285714285714,167.85714285714286,189.0,96.0,1.0549915397631133,10.285714285714278
2010-03-20,0,5,20,3,1,11,1,157.0,0.0,0.0,0.0,196.14285714285714,141.5,172.35714285714286,157.0,157.0,1.1314379892871858,23.785714285714278
2010-03-21,61,6,21,3,1,11,1,0.0,133.0,52.0,76.0,196.14285714285714,141.5,172.35714285714286,-133.0,-52.0,1.1314379892871858,23.785714285714278
2010-03-22,145,0,22,3,1,12,0,61.0,83.0,77.0,330.0,185.85714285714286,142.14285714285714,171.82142857142858,-22.0,-16.0,1.075428807604877,14.035714285714278
2010-03-23,3,1,23,3,1,12,0,145.0,180.0,96.0,216.0,194.71428571428572,147.0,165.21428571428572,-35.0,49.0,1.1714654061022776,29.5
2010-03-24,101,2,24,3,1,12,0,3.0,600.0,324.0,53.0,169.42857142857142,140.35714285714286,157.60714285714286,-597.0,-321.0,1.0682278766043682,11.821428571428555
2010-03-25,156,3,25,3,1,12,0,101.0,220.0,28.0,709.0,98.14285714285714,124.42857142857143,159.32142857142858,-119.0,73.0,0.6121630652706616,-61.178571428571445
2010-03-26,338,4,26,3,1,12,0,156.0,157.0,31.0,4.0,89.0,133.57142857142858,139.57142857142858,-1.0,125.0,0.6331300813008129,-50.571428571428584
2010-03-27,0,5,27,3,1,12,1,338.0,0.0,0.0,0.0,114.85714285714286,155.5,151.5,338.0,338.0,0.7531615925058548,-36.64285714285714
2010-03-28,137,6,28,3,1,12,1,0.0,61.0,133.0,195.0,114.85714285714286,155.5,151.5,-61.0,-133.0,0.7531615925058548,-36.64285714285714
2010-03-29,157,0,29,3,1,13,0,137.0,145.0,83.0,385.0,125.71428571428571,155.78571428571428,149.42857142857142,-8.0,54.0,0.835707502374169,-23.714285714285708
2010-03-30,187,1,30,3,1,13,0,157.0,3.0,180.0,55.0,127.42857142857143,161.07142857142858,141.28571428571428,154.0,-23.0,0.8955823293172691,-13.857142857142847
2010-03-31,109,2,31,3,1,13,0,187.0,101.0,600.0,338.0,153.71428571428572,161.57142857142858,146.0,86.0,-413.0,1.0456754130223518,7.714285714285722
2010-04-01,106,3,1,4,2,13,0,109.0,156.0,220.0,360.0,154.85714285714286,126.5,137.82142857142858,-47.0,-111.0,1.1155132492925135,17.035714285714278
2010-04-02,0,4,2,4,2,13,0,106.0,338.0,157.0,124.0,147.71428571428572,118.35714285714286,128.75,-232.0,-51.0,1.1384530690889072,18.964285714285722
2010-04-03,0,5,3,4,2,13,1,0.0,0.0,0.0,0.0,99.42857142857143,107.14285714285714,124.32142857142857,0.0,0.0,0.7933884297520661,-24.89285714285714
2010-04-04,0,6,4,4,2,13,1,0.0,137.0,61.0,52.0,99.42857142857143,107.14285714285714,124.32142857142857,-137.0,-61.0,0.7933884297520661,-24.89285714285714
2010-04-05,0,0,5,4,2,14,0,0.0,157.0,145.0,77.0,79.85714285714286,102.78571428571429,122.46428571428571,-157.0,-145.0,0.6468035869250797,-42.60714285714285
2010-04-06,864,1,6,4,2,14,0,0.0,187.0,3.0,96.0,57.42857142857143,92.42857142857143,119.71428571428571,-187.0,-3.0,0.47573964497041427,-62.28571428571428
2010-04-07,534,2,7,4,2,14,0,864.0,109.0,101.0,324.0,154.14285714285714,153.92857142857142,147.14285714285714,755.0,763.0,1.0405014464802314,7.0
2010-04-08,201,3,8,4,2,14,0,534.0,106.0,156.0,28.0,214.85714285714286,184.85714285714286,154.64285714285714,428.0,378.0,1.3804497475906379,60.21428571428572
2010-04-09,96,4,9,4,2,14,0,201.0,0.0,338.0,31.0,228.42857142857142,188.07142857142858,160.82142857142858,201.0,-137.0,1.4116089163540055,67.60714285714283
2010-04-10,0,5,10,4,2,14,1,96.0,0.0,0.0,0.0,242.14285714285714,170.78571428571428,163.14285714285714,96.0,96.0,1.475195822454308,79.0
2010-04-11,29,6,11,4,2,14,1,0.0,0.0,137.0,133.0,242.14285714285714,170.78571428571428,163.14285714285714,0.0,-137.0,1.475195822454308,79.0
2010-04-12,48,0,12,4,2,15,0,29.0,0.0,157.0,83.0,246.28571428571428,163.07142857142858,159.42857142857142,29.0,-128.0,1.5351736420302762,86.85714285714286
2010-04-13,480,1,13,4,2,15,0,48.0,864.0,187.0,180.0,253.14285714285714,155.28571428571428,158.17857142857142,-816.0,-139.0,1.5903073816468478,94.96428571428572
2010-04-14,264,2,14,4,2,15,0,480.0,534.0,109.0,600.0,198.28571428571428,176.21428571428572,168.89285714285714,-54.0,371.0,1.1671221357998738,29.39285714285714
2010-04-15,120,3,15,4,2,15,0,264.0,201.0,106.0,220.0,159.71428571428572,187.28571428571428,156.89285714285714,63.0,158.0,1.0115358516172812,2.8214285714285836
2010-04-16,360,4,16,4,2,15,0,120.0,96.0,0.0,157.0,148.14285714285714,188.28571428571428,153.32142857142858,24.0,120.0,0.9599629715343669,-5.178571428571445
2010-04-17,0,5,17,4,2,15,1,360.0,0.0,0.0,0.0,185.85714285714286,214.0,160.57142857142858,360.0,360.0,1.150309460654288,25.285714285714278
2010-04-18,28,6,18,4,2,15,1,0.0,29.0,0.0,61.0,185.85714285714286,214.0,160.57142857142858,-29.0,0.0,1.150309460654288,25.285714285714278
2010-04-19,148,0,19,4,2,16,0,28.0,48.0,0.0,145.0,185.71428571428572,216.0,159.39285714285714,-20.0,28.0,1.1578712981518593,26.321428571428584
2010-04-20,110,1,20,4,2,16,0,148.0,480.0,864.0,3.0,200.0,226.57142857142858,159.5,-332.0,-716.0,1.2461059190031152,40.5
2010-04-21,79,2,21,4,2,16,0,110.0,264.0,534.0,101.0,147.14285714285714,172.71428571428572,163.32142857142858,-154.0,-424.0,0.8954575092371223,-16.178571428571445
2010-04-22,302,3,22,4,2,16,0,79.0,120.0,201.0,156.0,120.71428571428571,140.21428571428572,162.53571428571428,-41.0,-122.0,0.7381524350294825,-41.82142857142857
2010-04-23,76,4,23,4,2,16,0,302.0,360.0,96.0,338.0,146.71428571428572,147.42857142857142,167.75,-58.0,206.0,0.8694179894179894,-21.035714285714278
2010-04-24,0,5,24,4,2,16,1,76.0,0.0,0.0,0.0,106.14285714285714,146.0,158.39285714285714,76.0,76.0,0.6659197848980506,-52.25
2010-04-25,76,6,25,4,2,16,1,0.0,28.0,29.0,137.0,106.14285714285714,146.0,158.39285714285714,-28.0,-29.0,0.6659197848980506,-52.25
2010-04-26,443,0,26,4,2,17,0,76.0,148.0,48.0,157.0,113.0,149.35714285714286,156.21428571428572,-72.0,28.0,0.7187641980917764,-43.21428571428572
2010-04-27,242,1,27,4,2,17,0,443.0,110.0,480.0,187.0,155.14285714285714,177.57142857142858,166.42857142857142,333.0,-37.0,0.9266211604095563,-11.285714285714278
2010-04-28,340,2,28,4,2,17,0,242.0,79.0,264.0,109.0,174.0,160.57142857142858,168.39285714285714,163.0,-22.0,1.0271979759645795,5.607142857142861
2010-04-29,277,3,29,4,2,17,0,340.0,302.0,120.0,106.0,211.28571428571428,166.0,176.64285714285714,38.0,220.0,1.189384800965018,34.64285714285714
2010-04-30,141,4,30,4,2,17,0,277.0,76.0,360.0,0.0,207.71428571428572,177.21428571428572,182.75,201.0,-83.0,1.1304178814382897,24.964285714285722
2010-05-01,0,5,1,5,2,17,1,141.0,0.0,0.0,0.0,217.0,161.57142857142858,187.78571428571428,141.0,141.0,1.1494513810064322,29.214285714285722
2010-05-02,29,6,2,5,2,17,1,0.0,76.0,28.0,0.0,217.0,161.57142857142858,187.78571428571428,-76.0,-28.0,1.1494513810064322,29.214285714285722
2010-05-03,0,0,3,5,2,18,0,29.0,443.0,148.0,0.0,210.28571428571428,161.64285714285714,188.82142857142858,-414.0,-119.0,1.1078080903104421,21.464285714285694
2010-05-04,320,1,4,5,2,18,0,0.0,242.0,110.0,864.0,147.0,151.07142857142858,188.82142857142858,-242.0,-110.0,0.7744120413922859,-41.821428571428584
2010-05-05,52,2,5,5,2,18,0,320.0,340.0,79.0,534.0,158.14285714285714,166.07142857142858,169.39285714285714,-20.0,241.0,0.9281073150282959,-11.25
2010-05-06,133,3,6,5,2,18,0,52.0,277.0,302.0,201.0,117.0,164.14285714285714,152.17857142857142,-225.0,-250.0,0.763814408953136,-35.178571428571416
2010-05-07,245,4,7,5,2,18,0,133.0,141.0,76.0,96.0,96.42857142857143,152.07142857142858,149.75,-8.0,57.0,0.6396588486140725,-53.32142857142857
2010-05-08,0,5,8,5,2,18,1,245.0,0.0,0.0,0.0,111.28571428571429,164.14285714285714,155.07142857142858,245.0,245.0,0.7130434782608696,-43.78571428571429
2010-05-09,208,6,9,5,2,18,1,0.0,29.0,76.0,29.0,111.28571428571429,164.14285714285714,155.07142857142858,-29.0,-76.0,0.7130434782608696,-43.78571428571429
2010-05-10,96,0,10,5,2,19,0,208.0,0.0,443.0,48.0,136.85714285714286,173.57142857142858,161.46428571428572,208.0,-235.0,0.8423829413057815,-24.60714285714286
2010-05-11,463,1,11,5,2,19,0,96.0,320.0,242.0,480.0,150.57142857142858,148.78571428571428,163.17857142857142,-224.0,-146.0,0.917119860778769,-12.607142857142833
2010-05-12,169,2,12,5,2,19,0,463.0,52.0,340.0,264.0,171.0,164.57142857142858,162.57142857142858,411.0,123.0,1.045414847161572,8.428571428571416
2010-05-13,121,3,13,5,2,19,0,169.0,133.0,277.0,120.0,187.71428571428572,152.35714285714286,159.17857142857142,36.0,-108.0,1.1719063545150503,28.535714285714306
2010-05-14,26,4,14,5,2,19,0,121.0,245.0,141.0,360.0,186.0,141.21428571428572,159.21428571428572,-124.0,-20.0,1.1609451627284886,26.785714285714278
2010-05-15,0,5,15,5,2,19,1,26.0,0.0,0.0,0.0,154.71428571428572,133.0,147.28571428571428,26.0,26.0,1.0433526011560694,7.428571428571445
2010-05-16,36,6,16,5,2,19,1,0.0,208.0,29.0,28.0,154.71428571428572,133.0,147.28571428571428,-208.0,-29.0,1.0433526011560694,7.428571428571445
2010-05-17,108,0,17,5,2,20,0,36.0,96.0,0.0,148.0,130.14285714285714,133.5,147.57142857142858,-60.0,36.0,0.8759615384615383,-17.428571428571445
2010-05-18,121,1,18,5,2,20,0,108.0,463.0,320.0,110.0,131.85714285714286,141.21428571428572,146.14285714285714,-355.0,-212.0,0.896116504854369,-14.285714285714278
2010-05-19,78,2,19,5,2,20,0,121.0,169.0,52.0,79.0,83.0,127.0,146.53571428571428,-48.0,69.0,0.5625756475429678,-63.53571428571428
2010-05-20,364,3,20,5,2,20,0,78.0,121.0,133.0,302.0,70.0,128.85714285714286,146.5,-43.0,-55.0,0.4745762711864407,-76.5
2010-05-21,28,4,21,5,2,20,0,364.0,26.0,245.0,76.0,104.71428571428571,145.35714285714286,148.71428571428572,338.0,119.0,0.6994274809160305,-44.000000000000014
2010-05-22,0,5,22,5,2,20,1,28.0,0.0,0.0,0.0,105.0,129.85714285714286,147.0,28.0,28.0,0.7094594594594594,-42.0
2010-05-23,240,6,23,5,2,20,1,0.0,36.0,208.0,76.0,105.0,129.85714285714286,147.0,-36.0,-208.0,0.7094594594594594,-42.0
2010-05-24,155,0,24,5,2,21,0,240.0,108.0,96.0,443.0,134.14285714285714,132.14285714285714,152.85714285714286,132.0,144.0,0.8718662952646239,-18.714285714285722
2010-05-25,604,1,25,5,2,21,0,155.0,121.0,463.0,242.0,140.85714285714286,136.35714285714286,142.57142857142858,34.0,-308.0,0.981094527363184,-1.7142857142857224
2010-05-26,171,2,26,5,2,21,0,604.0,78.0,169.0,340.0,209.85714285714286,146.42857142857142,155.5,526.0,435.0,1.3409402099497947,54.35714285714286
2010-05-27,296,3,27,5,2,21,0,171.0,364.0,121.0,277.0,223.14285714285714,146.57142857142858,149.46428571428572,-193.0,50.0,1.4830287206266317,73.67857142857142
2010-05-28,98,4,28,5,2,21,0,296.0,28.0,26.0,141.0,213.42857142857142,159.07142857142858,150.14285714285714,268.0,270.0,1.4120982986767485,63.28571428571428
2010-05-29,0,5,29,5,2,21,1,98.0,0.0,0.0,0.0,223.42857142857142,164.21428571428572,148.60714285714286,98.0,98.0,1.4934351873955596,74.82142857142856
2010-05-30,171,6,30,5,2,21,1,0.0,240.0,36.0,29.0,223.42857142857142,164.21428571428572,148.60714285714286,-240.0,-36.0,1.4934351873955596,74.82142857142856
2010-05-31,0,0,31,5,2,22,0,171.0,155.0,108.0,0.0,213.57142857142858,173.85714285714286,153.67857142857142,16.0,63.0,1.3807434772569847,59.89285714285717
2010-06-01,31,1,1,6,2,22,0,0.0,604.0,121.0,320.0,191.42857142857142,166.14285714285714,153.67857142857142,-604.0,-121.0,1.237589471253752,37.75
2010-06-02,146,2,2,6,2,22,0,31.0,171.0,78.0,52.0,109.57142857142857,159.71428571428572,143.35714285714286,-140.0,-47.0,0.7590301830776843,-33.78571428571429
2010-06-03,316,3,3,6,2,22,0,146.0,296.0,364.0,133.0,106.0,164.57142857142858,146.71428571428572,-150.0,-218.0,0.7176015473887813,-40.71428571428572
2010-06-04,103,4,4,6,2,22,0,316.0,98.0,28.0,245.0,108.85714285714286,161.14285714285714,153.25,218.0,288.0,0.7057189164158371,-44.39285714285714
2010-06-05,0,5,5,6,2,22,1,103.0,0.0,0.0,0.0,109.57142857142857,166.5,148.17857142857142,103.0,103.0,0.7344984438592291,-38.60714285714285
2010-06-06,240,6,6,6,2,22,1,0.0,171.0,240.0,208.0,109.57142857142857,166.5,148.17857142857142,-171.0,-240.0,0.7344984438592291,-38.60714285714285
2010-06-07,545,0,7,6,2,23,0,240.0,0.0,155.0,96.0,119.42857142857143,166.5,149.32142857142858,240.0,85.0,0.7944880019006889,-29.892857142857153
2010-06-08,172,1,8,6,2,23,0,545.0,31.0,604.0,463.0,197.28571428571428,194.35714285714286,165.35714285714286,514.0,-59.0,1.1859167024474022,31.928571428571416
2010-06-09,408,2,9,6,2,23,0,172.0,146.0,171.0,169.0,217.42857142857142,163.5,154.96428571428572,26.0,1.0,1.3940920540416761,62.464285714285694
2010-06-10,52,3,10,6,2,23,0,408.0,316.0,296.0,121.0,254.85714285714286,180.42857142857142,163.5,92.0,112.0,1.5492835432045158,91.35714285714286
2010-06-11,176,4,11,6,2,23,0,52.0,103.0,98.0,26.0,217.14285714285714,163.0,161.03571428571428,-51.0,-46.0,1.3400925721842627,56.10714285714286
2010-06-12,0,5,12,6,2,23,1,176.0,0.0,0.0,0.0,227.57142857142858,168.57142857142858,166.39285714285714,176.0,176.0,1.3595050138681462,61.178571428571445
2010-06-13,103,6,13,6,2,23,1,0.0,240.0,171.0,36.0,227.57142857142858,168.57142857142858,166.39285714285714,-240.0,-171.0,1.3595050138681462,61.178571428571445
2010-06-14,29,0,14,6,2,24,0,103.0,545.0,0.0,108.0,208.0,163.71428571428572,168.78571428571428,-442.0,103.0,1.2250736222128735,39.21428571428572
2010-06-15,462,1,15,6,2,24,0,29.0,172.0,31.0,121.0,134.28571428571428,165.78571428571428,165.96428571428572,-143.0,-2.0,0.8042780748663101,-31.678571428571445
2010-06-16,171,2,16,6,2,24,0,462.0,408.0,146.0,78.0,175.71428571428572,196.57142857142858,178.14285714285714,54.0,316.0,0.9808612440191389,-2.4285714285714164
2010-06-17,26,3,17,6,2,24,0,171.0,52.0,316.0,364.0,141.85714285714286,198.35714285714286,181.46428571428572,119.0,-145.0,0.7774515560775103,-39.60714285714286
2010-06-18,27,4,18,6,2,24,0,26.0,176.0,103.0,28.0,138.14285714285714,177.64285714285714,169.39285714285714,-150.0,-77.0,0.8107315028295955,-31.25
2010-06-19,0,5,19,6,2,24,1,27.0,0.0,0.0,0.0,116.85714285714286,172.21428571428572,169.35714285714286,27.0,27.0,0.6859538784067086,-52.5
2010-06-20,2,6,20,6,2,24,1,0.0,103.0,240.0,240.0,116.85714285714286,172.21428571428572,169.35714285714286,-103.0,-240.0,0.6859538784067086,-52.5
2010-06-21,62,0,21,6,2,25,0,2.0,29.0,545.0,155.0,102.42857142857143,155.21428571428572,160.85714285714286,-27.0,-543.0,0.6328331862312445,-58.42857142857143
2010-06-22,75,1,22,6,2,25,0,62.0,462.0,172.0,604.0,107.14285714285714,120.71428571428571,157.53571428571428,-400.0,-110.0,0.6758278891642262,-50.39285714285714
2010-06-23,27,2,23,6,2,25,0,75.0,171.0,408.0,171.0,51.857142857142854,113.78571428571429,138.64285714285714,-96.0,-333.0,0.3713554987212276,-86.78571428571428
2010-06-24,90,3,24,6,2,25,0,27.0,26.0,52.0,296.0,31.285714285714285,86.57142857142857,133.5,1.0,-25.0,0.23260754115772703,-102.21428571428572
2010-06-25,201,4,25,6,2,25,0,90.0,27.0,176.0,98.0,40.42857142857143,89.28571428571429,126.14285714285714,63.0,-86.0,0.31797752808988766,-85.71428571428571
2010-06-26,0,5,26,6,2,25,1,201.0,0.0,0.0,0.0,65.28571428571429,91.07142857142857,129.82142857142858,201.0,201.0,0.49904449904449905,-64.53571428571429
2010-06-27,28,6,27,6,2,25,1,0.0,2.0,103.0,171.0,65.28571428571429,91.07142857142857,129.82142857142858,-2.0,-103.0,0.49904449904449905,-64.53571428571429
2010-06-28,460,0,28,6,2,26,0,28.0,62.0,29.0,0.0,69.0,85.71428571428571,124.71428571428571,-34.0,-1.0,0.5488636363636364,-55.71428571428571
2010-06-29,336,1,29,6,2,26,0,460.0,75.0,462.0,31.0,125.85714285714286,116.5,141.14285714285714,385.0,-2.0,0.885427135678392,-15.285714285714278
2010-06-30,391,2,30,6,2,26,0,336.0,27.0,171.0,146.0,163.14285714285714,107.5,152.03571428571428,309.0,165.0,1.0660443407234539,11.107142857142861
2010-07-01,180,3,1,7,3,26,0,391.0,90.0,26.0,316.0,215.14285714285714,123.21428571428571,160.78571428571428,301.0,365.0,1.3298013245033113,54.35714285714286
2010-07-02,82,4,2,7,3,26,0,180.0,201.0,27.0,103.0,228.0,134.21428571428572,155.92857142857142,-21.0,153.0,1.4528903049613109,72.07142857142858
2010-07-03,0,5,3,7,3,26,1,82.0,0.0,0.0,0.0,211.0,138.14285714285714,155.17857142857142,82.0,82.0,1.351017608049394,55.821428571428584
2010-07-04,48,6,4,7,3,26,1,0.0,28.0,2.0,240.0,211.0,138.14285714285714,155.17857142857142,-28.0,-2.0,1.351017608049394,55.821428571428584
2010-07-05,175,0,5,7,3,27,0,48.0,460.0,62.0,545.0,213.85714285714286,141.42857142857142,148.32142857142858,-412.0,-14.0,1.4321932552021046,65.53571428571428
2010-07-06,222,1,6,7,3,27,0,175.0,336.0,75.0,172.0,173.14285714285714,149.5,135.10714285714286,-161.0,100.0,1.2721070585148255,38.03571428571428
2010-07-07,50,2,7,7,3,27,0,222.0,391.0,27.0,408.0,156.85714285714286,160.0,136.89285714285714,-169.0,195.0,1.1375291375291376,19.964285714285722
2010-07-08,99,3,8,7,3,27,0,50.0,180.0,90.0,52.0,108.14285714285714,161.64285714285714,124.10714285714286,-130.0,-40.0,0.8644019411932629,-15.964285714285722
2010-07-09,343,4,9,7,3,27,0,99.0,82.0,201.0,176.0,96.57142857142857,162.28571428571428,125.78571428571429,17.0,-102.0,0.7616901408450704,-29.214285714285722
2010-07-10,0,5,10,7,3,27,1,343.0,0.0,0.0,0.0,133.85714285714286,172.42857142857142,131.75,343.0,343.0,1.008340059187517,2.107142857142861
2010-07-11,248,6,11,7,3,27,1,0.0,48.0,28.0,103.0,133.85714285714286,172.42857142857142,131.75,-48.0,-28.0,1.008340059187517,2.107142857142861
2010-07-12,8,0,12,7,3,28,0,248.0,175.0,460.0,29.0,162.42857142857142,188.14285714285714,136.92857142857142,73.0,-212.0,1.1776281719316417,25.5
2010-07-13,86,1,13,7,3,28,0,8.0,222.0,336.0,462.0,138.57142857142858,155.85714285714286,136.17857142857142,-214.0,-328.0,1.0101536058318148,2.392857142857167
2010-07-14,146,2,14,7,3,28,0,86.0,50.0,391.0,171.0,119.14285714285714,138.0,122.75,36.0,-305.0,0.9627705627705627,-3.607142857142861
2010-07-15,131,3,15,7,3,28,0,146.0,99.0,180.0,26.0,132.85714285714286,120.5,121.85714285714286,47.0,-34.0,1.0813953488372092,11.0
2010-07-16,442,4,16,7,3,28,0,131.0,343.0,82.0,27.0,137.42857142857142,117.0,125.60714285714286,-212.0,49.0,1.0854724964739069,11.821428571428555
2010-07-17,0,5,17,7,3,28,1,442.0,0.0,0.0,0.0,151.57142857142858,142.71428571428572,140.42857142857142,442.0,442.0,1.0717171717171718,11.142857142857167
2010-07-18,34,6,18,7,3,28,1,0.0,248.0,48.0,2.0,151.57142857142858,142.71428571428572,140.42857142857142,-248.0,-48.0,1.0717171717171718,11.142857142857167
2010-07-19,697,0,19,7,3,29,0,34.0,8.0,175.0,62.0,121.0,141.71428571428572,141.57142857142858,26.0,-141.0,0.8486973947895791,-20.571428571428584
2010-07-20,73,1,20,7,3,29,0,697.0,86.0,222.0,75.0,219.42857142857142,179.0,164.25,611.0,475.0,1.3278582234709315,55.178571428571416
2010-07-21,265,2,21,7,3,29,0,73.0,146.0,50.0,27.0,217.57142857142858,168.35714285714286,164.17857142857142,-73.0,23.0,1.3171891891891894,53.39285714285717
2010-07-22,290,3,22,7,3,29,0,265.0,131.0,99.0,90.0,234.57142857142858,183.71428571428572,172.67857142857142,134.0,166.0,1.3506066214271029,61.89285714285717
2010-07-23,97,4,23,7,3,29,0,290.0,442.0,343.0,201.0,257.2857142857143,197.35714285714286,179.82142857142858,-152.0,-53.0,1.4228718151293698,77.4642857142857
2010-07-24,0,5,24,7,3,29,1,97.0,0.0,0.0,0.0,208.0,179.78571428571428,176.10714285714286,97.0,97.0,1.1744303286953015,31.89285714285714
2010-07-25,59,6,25,7,3,29,1,0.0,34.0,248.0,28.0,208.0,179.78571428571428,176.10714285714286,-34.0,-248.0,1.1744303286953015,31.89285714285714
2010-07-26,293,0,26,7,3,30,0,59.0,697.0,8.0,460.0,211.57142857142858,166.28571428571428,177.21428571428572,-638.0,51.0,1.187174348697395,34.35714285714286
2010-07-27,27,1,27,7,3,30,0,293.0,73.0,86.0,336.0,153.85714285714286,186.64285714285714,171.25,220.0,207.0,0.8932199875596102,-17.39285714285714
2010-07-28,216,2,28,7,3,30,0,27.0,265.0,146.0,391.0,147.28571428571428,182.42857142857142,160.21428571428572,-238.0,-119.0,0.9136021267168807,-12.928571428571445
2010-07-29,83,3,29,7,3,30,0,216.0,290.0,131.0,180.0,140.28571428571428,187.42857142857142,153.96428571428572,-74.0,85.0,0.9052777137589305,-13.678571428571445
2010-07-30,96,4,30,7,3,30,0,83.0,97.0,442.0,82.0,110.71428571428571,184.0,150.5,-14.0,-359.0,0.7307873644507308,-39.78571428571429
2010-07-31,0,5,31,7,3,30,1,96.0,0.0,0.0,0.0,110.57142857142857,159.28571428571428,151.0,96.0,96.0,0.7274436090225563,-40.42857142857143
2010-08-01,80,6,1,8,3,30,1,0.0,59.0,34.0,48.0,110.57142857142857,159.28571428571428,151.0,-59.0,-34.0,0.7274436090225563,-40.42857142857143
2010-08-02,49,0,2,8,3,31,0,80.0,293.0,697.0,175.0,113.57142857142857,162.57142857142858,152.14285714285714,-213.0,-617.0,0.7416044776119403,-38.57142857142857
2010-08-03,54,1,3,8,3,31,0,49.0,27.0,73.0,222.0,78.71428571428571,116.28571428571429,147.64285714285714,22.0,-24.0,0.5295530994714079,-68.92857142857143
2010-08-04,25,2,4,8,3,31,0,54.0,216.0,265.0,50.0,82.57142857142857,114.92857142857143,141.64285714285714,-162.0,-211.0,0.5788683024536805,-59.07142857142857
2010-08-05,100,3,5,8,3,31,0,25.0,83.0,290.0,99.0,55.285714285714285,97.78571428571429,140.75,-58.0,-265.0,0.3900226757369614,-85.46428571428572
2010-08-06,99,4,6,8,3,31,0,100.0,96.0,97.0,343.0,57.714285714285715,84.21428571428571,140.78571428571428,4.0,3.0,0.4070528967254408,-83.07142857142856
2010-08-07,0,5,7,8,3,31,1,99.0,0.0,0.0,0.0,58.142857142857146,84.35714285714286,132.07142857142858,99.0,99.0,0.4369296833064949,-73.92857142857144
2010-08-08,2,6,8,8,3,31,1,0.0,80.0,59.0,248.0,58.142857142857146,84.35714285714286,132.07142857142858,-80.0,-59.0,0.4369296833064949,-73.92857142857144
2010-08-09,54,0,9,8,3,32,0,2.0,49.0,293.0,8.0,47.0,80.28571428571429,123.28571428571429,-47.0,-291.0,0.37816091954022985,-76.28571428571429
2010-08-10,75,1,10,8,3,32,0,54.0,54.0,27.0,86.0,47.714285714285715,63.214285714285715,124.92857142857143,0.0,27.0,0.37889960294951786,-77.21428571428572
2010-08-11,49,2,11,8,3,32,0,75.0,25.0,216.0,146.0,50.714285714285715,66.64285714285714,124.53571428571429,50.0,-141.0,0.40398293029871973,-73.82142857142858
2010-08-12,257,3,12,8,3,32,0,49.0,100.0,83.0,131.0,54.142857142857146,54.714285714285715,121.07142857142857,-51.0,-34.0,0.4435342305441779,-66.92857142857142
2010-08-13,404,4,13,8,3,32,0,257.0,99.0,96.0,442.0,76.57142857142857,67.14285714285714,125.57142857142857,158.0,161.0,0.6049661399548533,-49.0
2010-08-14,0,5,14,8,3,32,1,404.0,0.0,0.0,0.0,120.14285714285714,89.14285714285714,124.21428571428571,404.0,404.0,0.959498003422704,-4.071428571428569
2010-08-15,1060,6,15,8,3,32,1,0.0,2.0,80.0,34.0,120.14285714285714,89.14285714285714,124.21428571428571,-2.0,-80.0,0.959498003422704,-4.071428571428569
2010-08-16,24,0,16,8,3,33,0,1060.0,54.0,49.0,697.0,271.2857142857143,159.14285714285714,160.85714285714286,1006.0,1011.0,1.676081200353045,110.42857142857142
2010-08-17,168,1,17,8,3,33,0,24.0,75.0,54.0,73.0,267.0,157.35714285714286,136.82142857142858,-51.0,-30.0,1.9372894532262241,130.17857142857142
2010-08-18,398,2,18,8,3,33,0,168.0,49.0,25.0,265.0,280.2857142857143,165.5,140.21428571428572,119.0,143.0,1.9848254931714717,140.07142857142856
2010-08-19,422,3,19,8,3,33,0,398.0,257.0,100.0,290.0,330.14285714285717,192.14285714285714,144.96428571428572,141.0,298.0,2.261805725471006,185.17857142857144
2010-08-20,627,4,20,8,3,33,0,422.0,404.0,99.0,97.0,353.7142857142857,215.14285714285714,149.67857142857142,18.0,323.0,2.347475705143399,204.0357142857143
2010-08-21,0,5,21,8,3,33,1,627.0,0.0,0.0,0.0,385.57142857142856,252.85714285714286,168.60714285714286,627.0,627.0,2.2733206990945463,216.9642857142857
2010-08-22,218,6,22,8,3,33,1,0.0,1060.0,2.0,59.0,385.57142857142856,252.85714285714286,168.60714285714286,-1060.0,-2.0,2.2733206990945463,216.9642857142857
2010-08-23,49,0,23,8,3,34,0,218.0,24.0,54.0,293.0,265.2857142857143,268.2857142857143,174.28571428571428,194.0,164.0,1.5134474327628362,91.0
2010-08-24,97,1,24,8,3,34,0,49.0,168.0,75.0,27.0,268.85714285714283,267.92857142857144,165.57142857142858,-119.0,-26.0,1.6140651801029158,103.28571428571425
2010-08-25,100,2,25,8,3,34,0,97.0,398.0,49.0,216.0,258.7142857142857,269.5,168.07142857142858,-301.0,48.0,1.530207013096747,90.64285714285714
2010-08-26,126,3,26,8,3,34,0,100.0,422.0,257.0,83.0,216.14285714285714,273.14285714285717,163.92857142857142,-322.0,-157.0,1.310524036379385,52.21428571428572
2010-08-27,25,4,27,8,3,34,0,126.0,627.0,404.0,96.0,173.85714285714286,263.7857142857143,165.46428571428572,-501.0,-278.0,1.0444110705857113,8.392857142857139
2010-08-28,0,5,28,8,3,34,1,25.0,0.0,0.0,0.0,87.85714285714286,236.71428571428572,162.92857142857142,25.0,25.0,0.5359477124183007,-75.07142857142856
2010-08-29,0,6,29,8,3,34,1,0.0,218.0,1060.0,80.0,87.85714285714286,236.71428571428572,162.92857142857142,-218.0,-1060.0,0.5359477124183007,-75.07142857142856
2010-08-30,0,0,30,8,3,35,0,0.0,49.0,24.0,49.0,56.714285714285715,161.0,160.07142857142858,-49.0,-24.0,0.35210643015521065,-103.35714285714286
2010-08-31,182,1,31,8,3,35,0,0.0,97.0,168.0,54.0,49.714285714285715,159.28571428571428,158.32142857142858,-97.0,-168.0,0.3120376597175521,-108.60714285714286
2010-09-01,147,2,1,9,3,35,0,182.0,100.0,398.0,25.0,61.857142857142854,160.28571428571428,162.89285714285714,82.0,-216.0,0.3774242754412726,-101.03571428571428
2010-09-02,255,3,2,9,3,35,0,147.0,126.0,422.0,100.0,68.57142857142857,142.35714285714286,167.25,21.0,-275.0,0.40755678199957546,-98.67857142857143
2010-09-03,172,4,3,9,3,35,0,255.0,25.0,627.0,99.0,87.0,130.42857142857142,172.78571428571428,230.0,-372.0,0.5006165228113441,-85.78571428571428
2010-09-04,0,5,4,9,3,35,1,172.0,0.0,0.0,0.0,108.0,97.92857142857143,175.39285714285714,172.0,172.0,0.6122696902206924,-67.39285714285714
2010-09-05,341,6,5,9,3,35,1,0.0,0.0,218.0,2.0,108.0,97.92857142857143,175.39285714285714,0.0,-218.0,0.6122696902206924,-67.39285714285714
2010-09-06,326,0,6,9,3,36,0,341.0,0.0,49.0,54.0,156.71428571428572,106.71428571428571,187.5,341.0,292.0,0.8313755210306935,-30.785714285714278
2010-09-07,25,1,7,9,3,36,0,326.0,182.0,97.0,75.0,203.28571428571428,126.5,197.21428571428572,144.0,229.0,1.0255855855855855,6.071428571428555
2010-09-08,3,2,8,9,3,36,0,25.0,147.0,100.0,49.0,180.85714285714286,121.35714285714286,195.42857142857142,-122.0,-75.0,0.9207272727272728,-14.571428571428555
2010-09-09,86,3,9,9,3,36,0,3.0,255.0,126.0,257.0,160.28571428571428,114.42857142857143,193.78571428571428,-252.0,-123.0,0.8228822882288229,-33.5
2010-09-10,216,4,10,9,3,36,0,86.0,172.0,25.0,404.0,136.14285714285714,111.57142857142857,187.67857142857142,-86.0,61.0,0.7215597198561424,-51.53571428571428
2010-09-11,0,5,11,9,3,36,1,216.0,0.0,0.0,0.0,142.42857142857142,125.21428571428571,180.96428571428572,216.0,216.0,0.7827281648675171,-38.535714285714306
2010-09-12,31,6,12,9,3,36,1,0.0,341.0,0.0,1060.0,142.42857142857142,125.21428571428571,180.96428571428572,-341.0,0.0,0.7827281648675171,-38.535714285714306
2010-09-13,99,0,13,9,3,37,0,31.0,326.0,0.0,24.0,98.14285714285714,127.42857142857143,144.21428571428572,-295.0,31.0,0.675848499754058,-46.071428571428584
2010-09-14,273,1,14,9,3,37,0,99.0,25.0,182.0,168.0,65.71428571428571,134.5,146.89285714285714,74.0,-83.0,0.44433711663849307,-81.17857142857143
2010-09-15,417,2,15,9,3,37,0,273.0,3.0,147.0,398.0,101.14285714285714,141.0,150.64285714285714,270.0,126.0,0.6669806877060763,-49.5
2010-09-16,72,3,16,9,3,37,0,417.0,86.0,255.0,422.0,160.28571428571428,160.28571428571428,151.32142857142858,331.0,162.0,1.0522860492379835,8.964285714285694
2010-09-17,49,4,17,9,3,37,0,72.0,216.0,172.0,627.0,158.28571428571428,147.21428571428572,138.82142857142858,-144.0,-100.0,1.1320561941251595,19.464285714285694
2010-09-18,0,5,18,9,3,37,1,49.0,0.0,0.0,0.0,134.42857142857142,138.42857142857142,118.17857142857143,49.0,49.0,1.127959244830686,16.249999999999986
2010-09-19,96,6,19,9,3,37,1,0.0,31.0,341.0,218.0,134.42857142857142,138.42857142857142,118.17857142857143,-31.0,-341.0,1.127959244830686,16.249999999999986
2010-09-20,199,0,20,9,3,38,0,96.0,99.0,326.0,49.0,143.71428571428572,120.92857142857143,113.82142857142857,-3.0,-230.0,1.251632970451011,29.892857142857153
2010-09-21,337,1,21,9,3,38,0,199.0,273.0,25.0,97.0,158.0,111.85714285714286,119.17857142857143,-74.0,174.0,1.3147102526002972,38.82142857142857
2010-09-22,27,2,22,9,3,38,0,337.0,417.0,3.0,100.0,167.14285714285714,134.14285714285714,127.75,-80.0,334.0,1.2981969486823854,39.39285714285714
2010-09-23,59,3,23,9,3,38,0,27.0,72.0,86.0,126.0,111.42857142857143,135.85714285714286,125.14285714285714,-45.0,-59.0,0.883352208380521,-13.714285714285708
2010-09-24,171,4,24,9,3,38,0,59.0,49.0,216.0,25.0,109.57142857142857,133.92857142857142,122.75,10.0,-157.0,0.8854256854256854,-13.17857142857143
2010-09-25,0,5,25,9,3,38,1,171.0,0.0,0.0,0.0,127.0,130.71428571428572,127.96428571428571,171.0,171.0,0.9847687621157574,-0.9642857142857082
2010-09-26,247,6,26,9,3,38,1,0.0,96.0,31.0,0.0,127.0,130.71428571428572,127.96428571428571,-96.0,-31.0,0.9847687621157574,-0.9642857142857082
2010-09-27,305,0,27,9,3,39,0,247.0,199.0,99.0,0.0,148.57142857142858,146.14285714285714,136.78571428571428,48.0,148.0,1.0782789009849665,11.785714285714306
2010-09-28,125,1,28,9,3,39,0,305.0,337.0,273.0,182.0,163.71428571428572,160.85714285714286,147.67857142857142,-32.0,32.0,1.1011289935142927,16.035714285714306
2010-09-29,363,2,29,9,3,39,0,125.0,27.0,417.0,147.0,133.42857142857142,150.28571428571428,145.64285714285714,98.0,-292.0,0.9098879688261081,-12.214285714285722
2010-09-30,203,3,30,9,3,39,0,363.0,59.0,72.0,255.0,181.42857142857142,146.42857142857142,153.35714285714286,304.0,291.0,1.1753817677001388,28.071428571428555
2010-10-01,149,4,1,10,4,39,0,203.0,171.0,49.0,172.0,202.0,155.78571428571428,151.5,32.0,154.0,1.3245901639344262,50.5
2010-10-02,0,5,2,10,4,39,1,149.0,0.0,0.0,0.0,198.85714285714286,162.92857142857142,150.67857142857142,149.0,149.0,1.3110430892394633,48.178571428571445
2010-10-03,151,6,3,10,4,39,1,0.0,247.0,96.0,341.0,198.85714285714286,162.92857142857142,150.67857142857142,-247.0,-96.0,1.3110430892394633,48.178571428571445
2010-10-04,313,0,4,10,4,40,0,151.0,305.0,199.0,326.0,185.14285714285714,166.85714285714286,143.89285714285714,-154.0,-48.0,1.2777914715306877,41.25
2010-10-05,217,1,5,10,4,40,0,313.0,125.0,337.0,25.0,186.28571428571428,175.0,143.42857142857142,188.0,-24.0,1.2898120672601385,42.85714285714286
2010-10-06,1234,2,6,10,4,40,0,217.0,363.0,27.0,3.0,199.42857142857142,166.42857142857142,150.28571428571428,-146.0,190.0,1.3182247403210576,49.14285714285714
2010-10-07,71,3,7,10,4,40,0,1234.0,203.0,59.0,86.0,323.85714285714283,252.64285714285714,194.25,1031.0,1175.0,1.6586793488201939,129.60714285714283
2010-10-08,883,4,8,10,4,40,0,71.0,149.0,171.0,216.0,305.0,253.5,193.71428571428572,-78.0,-100.0,1.5663976522377108,111.28571428571428
2010-10-09,0,5,9,10,4,40,1,883.0,0.0,0.0,0.0,409.85714285714283,304.35714285714283,217.53571428571428,883.0,883.0,1.8754698480143814,192.32142857142856
2010-10-10,13,6,10,10,4,40,1,0.0,151.0,247.0,31.0,409.85714285714283,304.35714285714283,217.53571428571428,-151.0,-247.0,1.8754698480143814,192.32142857142856
2010-10-11,154,0,11,10,4,41,0,13.0,313.0,305.0,99.0,390.14285714285717,287.64285714285717,216.89285714285714,-300.0,-292.0,1.7905261432552042,173.25000000000003
2010-10-12,201,1,12,10,4,41,0,154.0,217.0,125.0,273.0,367.42857142857144,276.85714285714283,218.85714285714286,-63.0,29.0,1.6712150747238468,148.57142857142858
2010-10-13,441,2,13,10,4,41,0,201.0,1234.0,363.0,417.0,365.14285714285717,282.2857142857143,216.28571428571428,-1033.0,-162.0,1.6804733727810652,148.8571428571429
2010-10-14,133,3,14,10,4,41,0,441.0,71.0,203.0,72.0,251.85714285714286,287.85714285714283,217.14285714285714,370.0,238.0,1.154551407989522,34.71428571428572
2010-10-15,148,4,15,10,4,41,0,133.0,883.0,149.0,49.0,260.7142857142857,282.85714285714283,219.32142857142858,-750.0,-16.0,1.1833360350137785,41.39285714285714
2010-10-16,0,5,16,10,4,41,1,148.0,0.0,0.0,0.0,155.71428571428572,282.7857142857143,222.85714285714286,148.0,148.0,0.6955966815571155,-67.14285714285714
2010-10-17,484,6,17,10,4,41,1,0.0,13.0,151.0,96.0,155.71428571428572,282.7857142857143,222.85714285714286,-13.0,-151.0,0.6955966815571155,-67.14285714285714
2010-10-18,104,0,18,10,4,42,0,484.0,154.0,313.0,199.0,223.0,306.57142857142856,236.71428571428572,330.0,171.0,0.9381009615384615,-13.714285714285722
2010-10-19,492,1,19,10,4,42,0,104.0,201.0,217.0,337.0,215.85714285714286,291.64285714285717,233.32142857142858,-97.0,-113.0,0.9212010364273738,-17.464285714285722
2010-10-20,443,2,20,10,4,42,0,492.0,441.0,1234.0,27.0,257.42857142857144,311.2857142857143,238.85714285714286,51.0,-742.0,1.0732578916021442,18.571428571428584
2010-10-21,213,3,21,10,4,42,0,443.0,133.0,71.0,59.0,257.7142857142857,254.78571428571428,253.71428571428572,310.0,372.0,1.0117779024116658,4.0
2010-10-22,33,4,22,10,4,42,0,213.0,148.0,883.0,171.0,269.14285714285717,264.92857142857144,259.2142857142857,65.0,-670.0,1.0343123799066705,9.928571428571445
2010-10-23,0,5,23,10,4,42,1,33.0,0.0,0.0,0.0,252.71428571428572,204.21428571428572,254.28571428571428,33.0,33.0,0.9899272523782877,-1.5714285714285552
2010-10-24,73,6,24,10,4,42,1,0.0,484.0,13.0,247.0,252.71428571428572,204.21428571428572,254.28571428571428,-484.0,-13.0,0.9899272523782877,-1.5714285714285552
2010-10-25,76,0,25,10,4,43,0,73.0,104.0,154.0,305.0,194.0,208.5,248.07142857142858,-31.0,-81.0,0.7788930312589618,-54.071428571428584
2010-10-26,104,1,26,10,4,43,0,76.0,492.0,201.0,125.0,190.0,202.92857142857142,239.89285714285714,-416.0,-125.0,0.7887323943661972,-49.89285714285714
2010-10-27,195,2,27,10,4,43,0,104.0,443.0,441.0,363.0,134.57142857142858,196.0,239.14285714285714,-339.0,-337.0,0.5603807257584772,-104.57142857142856
2010-10-28,81,3,28,10,4,43,0,195.0,213.0,133.0,203.0,99.14285714285714,178.42857142857142,233.14285714285714,-18.0,62.0,0.42342892007321536,-134.0
2010-10-29,152,4,29,10,4,43,0,81.0,33.0,148.0,149.0,80.28571428571429,174.71428571428572,228.78571428571428,48.0,-67.0,0.3493938451973889,-148.5
2010-10-30,0,5,30,10,4,43,1,152.0,0.0,0.0,0.0,97.28571428571429,175.0,228.89285714285714,152.0,152.0,0.4231784993009166,-131.60714285714283
2010-10-31,5,6,31,10,4,43,1,0.0,73.0,484.0,151.0,97.28571428571429,175.0,228.89285714285714,-73.0,-484.0,0.4231784993009166,-131.60714285714283
2010-11-01,108,0,1,11,4,44,0,5.0,76.0,104.0,313.0,87.57142857142857,140.78571428571428,223.67857142857142,-71.0,-99.0,0.3897631537116516,-136.10714285714283
2010-11-02,517,1,2,11,4,44,0,108.0,104.0,492.0,217.0,92.14285714285714,141.07142857142858,216.35714285714286,4.0,-384.0,0.4239237594479132,-124.21428571428572
2010-11-03,72,2,3,11,4,44,0,517.0,195.0,443.0,1234.0,151.14285714285714,142.85714285714286,227.07142857142858,322.0,74.0,0.6626996554963983,-75.92857142857144
2010-11-04,100,3,4,11,4,44,0,72.0,81.0,213.0,71.0,133.57142857142858,116.35714285714286,185.57142857142858,-9.0,-141.0,0.7159264931087289,-52.0
2010-11-05,122,4,5,11,4,44,0,100.0,152.0,33.0,883.0,136.28571428571428,108.28571428571429,186.60714285714286,-52.0,67.0,0.7264420331239291,-50.321428571428584
2010-11-06,0,5,6,11,4,44,1,122.0,0.0,0.0,0.0,132.0,114.64285714285714,159.42857142857142,122.0,122.0,0.8227960819234195,-27.428571428571416
2010-11-07,176,6,7,11,4,44,1,0.0,5.0,73.0,13.0,132.0,114.64285714285714,159.42857142857142,-5.0,-73.0,0.8227960819234195,-27.428571428571416
2010-11-08,178,0,8,11,4,45,0,176.0,108.0,76.0,154.0,156.42857142857142,122.0,165.25,68.0,100.0,0.9409237379162191,-8.821428571428584
2010-11-09,255,1,9,11,4,45,0,178.0,517.0,104.0,201.0,166.42857142857142,129.28571428571428,166.10714285714286,-339.0,74.0,0.9959393032699294,0.3214285714285552
2010-11-10,134,2,10,11,4,45,0,255.0,72.0,195.0,441.0,129.0,140.07142857142858,168.03571428571428,183.0,60.0,0.7631523346714558,-39.03571428571428
2010-11-11,136,3,11,11,4,45,0,134.0,100.0,81.0,133.0,137.85714285714286,135.71428571428572,157.07142857142858,34.0,53.0,0.8721192950745594,-19.214285714285722
2010-11-12,110,4,12,11,4,45,0,136.0,122.0,152.0,148.0,143.0,139.64285714285714,157.17857142857142,14.0,-16.0,0.9040415443666743,-14.178571428571416
2010-11-13,0,5,13,11,4,45,1,110.0,0.0,0.0,0.0,141.28571428571428,136.64285714285714,155.82142857142858,110.0,110.0,0.9009337280801638,-14.535714285714306
2010-11-14,77,6,14,11,4,45,1,0.0,176.0,5.0,484.0,141.28571428571428,136.64285714285714,155.82142857142858,-176.0,-5.0,0.9009337280801638,-14.535714285714306
2010-11-15,28,0,15,11,4,46,0,77.0,178.0,108.0,104.0,127.14285714285714,141.78571428571428,141.28571428571428,-101.0,-31.0,0.893574297188755,-14.142857142857139
2010-11-16,995,1,16,11,4,46,0,28.0,255.0,517.0,492.0,105.71428571428571,136.07142857142858,138.57142857142858,-227.0,-489.0,0.7574206755373591,-32.857142857142875
2010-11-17,150,2,17,11,4,46,0,995.0,134.0,72.0,443.0,211.42857142857142,170.21428571428572,156.53571428571428,861.0,923.0,1.3420992972115167,54.89285714285714
2010-11-18,132,3,18,11,4,46,0,150.0,136.0,100.0,213.0,213.71428571428572,175.78571428571428,146.07142857142858,14.0,50.0,1.4531325886352597,67.64285714285714
2010-11-19,337,4,19,11,4,46,0,132.0,110.0,122.0,33.0,213.14285714285714,178.07142857142858,143.17857142857142,22.0,10.0,1.4783254892246718,69.96428571428572
2010-11-20,0,5,20,11,4,46,1,337.0,0.0,0.0,0.0,245.57142857142858,193.42857142857142,154.03571428571428,337.0,337.0,1.5839668279198342,91.5357142857143
2010-11-21,44,6,21,11,4,46,1,0.0,77.0,176.0,73.0,245.57142857142858,193.42857142857142,154.03571428571428,-77.0,-176.0,1.5839668279198342,91.5357142857143
2010-11-22,113,0,22,11,4,47,0,44.0,28.0,178.0,76.0,240.85714285714286,184.0,153.0,16.0,-134.0,1.5640074211502784,87.85714285714286
2010-11-23,97,1,23,11,4,47,0,113.0,995.0,255.0,104.0,253.0,179.35714285714286,154.32142857142858,-882.0,-142.0,1.6288802023453666,98.67857142857142
2010-11-24,239,2,24,11,4,47,0,97.0,150.0,134.0,195.0,124.71428571428571,168.07142857142858,154.07142857142858,-53.0,-37.0,0.8042376784891754,-29.357142857142875
2010-11-25,766,3,25,11,4,47,0,239.0,132.0,136.0,81.0,137.42857142857142,175.57142857142858,155.64285714285714,107.0,103.0,0.8773369813041495,-18.214285714285722
2010-11-26,56,4,26,11,4,47,0,766.0,337.0,110.0,152.0,228.0,220.57142857142858,180.10714285714286,429.0,656.0,1.2589232892920528,47.89285714285714
2010-11-27,0,5,27,11,4,47,1,56.0,0.0,0.0,0.0,187.85714285714286,216.71428571428572,176.67857142857142,56.0,56.0,1.0572864321608042,11.178571428571445
2010-11-28,36,6,28,11,4,47,1,0.0,44.0,77.0,5.0,187.85714285714286,216.71428571428572,176.67857142857142,-44.0,-77.0,1.0572864321608042,11.178571428571445
2010-11-29,594,0,29,11,4,48,0,36.0,113.0,28.0,108.0,186.71428571428572,213.78571428571428,177.78571428571428,-77.0,8.0,1.0443467838593687,8.928571428571445
2010-11-30,270,1,30,11,4,48,0,594.0,97.0,995.0,517.0,255.42857142857142,254.21428571428572,195.14285714285714,497.0,-401.0,1.302257829570284,60.28571428571428
2010-12-01,241,2,1,12,4,48,0,270.0,239.0,150.0,72.0,280.14285714285717,202.42857142857142,186.32142857142858,31.0,120.0,1.4955195424213537,93.82142857142858
2010-12-02,459,3,2,12,4,48,0,241.0,766.0,132.0,100.0,280.42857142857144,208.92857142857142,192.35714285714286,-525.0,109.0,1.4503140007388253,88.07142857142858
2010-12-03,254,4,3,12,4,48,0,459.0,56.0,337.0,122.0,236.57142857142858,232.28571428571428,205.17857142857142,403.0,122.0,1.1474103585657371,31.392857142857167
2010-12-04,0,5,4,12,4,48,1,254.0,0.0,0.0,0.0,264.85714285714283,226.35714285714286,209.89285714285714,254.0,254.0,1.2558848433530905,54.964285714285694
2010-12-05,21,6,5,12,4,48,1,0.0,36.0,44.0,176.0,264.85714285714283,226.35714285714286,209.89285714285714,-36.0,-44.0,1.2558848433530905,54.964285714285694
2010-12-06,141,0,6,12,4,49,0,21.0,594.0,113.0,178.0,262.7142857142857,224.71428571428572,204.35714285714286,-573.0,-92.0,1.279304347826087,58.35714285714286
2010-12-07,261,1,7,12,4,49,0,141.0,270.0,97.0,255.0,198.0,226.71428571428572,203.03571428571428,-129.0,44.0,0.9704183441274287,-5.035714285714278
2010-12-08,134,2,8,12,4,49,0,261.0,241.0,239.0,134.0,196.71428571428572,238.42857142857142,203.25,20.0,22.0,0.9631054380136388,-6.535714285714278
2010-12-09,77,3,9,12,4,49,0,134.0,459.0,766.0,136.0,181.42857142857142,230.92857142857142,203.25,-325.0,-632.0,0.8882671795768491,-21.821428571428584
